"";"classe 1";"classe 2";"classe 3";"classe 4"
"não";0;0;0;0
"ao";0;0;0;0
"como";0,766;0;0,212;0
"eleitoral";0;0,806;0;0
"ministro";0;0;0;0
"fato";0;0;0;0,034
"eleição";0;0,511;0;0
"prova";0;0;0;0
"candidato";0;0;0;0
"voto";0,035;0;0;0,002
"senhor";0,348;0;0;0
"art";0;0;0;0
"abuso";0;0;0;0
"mais";0;0;0;0
"relator";0;0;0;0,666
"público";0;0;0,135;0,002
"conduta";0,001;0;0;0
"ação";0;0;0;0
"tse";0;0,815;0;0
"caso";0;0;0;0
"dever";0;0;0;0
"mesmo";0;0,142;0,253;0
"também";0,36;0,18;0;0
"presidente";0,426;0,352;0;0
"bem";0;0,002;0,02;0
"campanha";0;0;0;0,265
"já";0;0,588;0,221;0
"ainda";0;0,79;0;0,2
"ilícito";0,18;0;0;0
"forma";0,035;0;0;0,005
"direito";0,001;0;0;0
"dizer";0;0,15;0;0
"uso";0;0,278;0;0
"auto";0;0;0;0
"jurídico";0;0;0;0
"min";0;0;0;0
"próprio";0;0,001;0;0,01
"pessoa";0;0;0;0
"processo";0;0;0;0
"dje";0;0;0;0
"ato";0;0,637;0;0
"aije";0;0;0;0
"então";0;0,016;0;0
"gravidade";0,134;0;0;0
"mensagem";0;0;0;0,724
"sistema";0;0;0;0
"decisão";0;0;0;0
"investigar";0;0;0,508;0
"elemento";0;0;0;0,361
"julgamento";0;0;0;0
"empresa";0,387;0,015;0,001;0
"federal";0;0;0;0
"conteúdo";0;0;0;0
"quando";0,055;0,017;0,137;0,001
"pedir";0;0;0;0
"representar";0,008;0,052;0;0,76
"informação";0;0;0,001;0
"pleito";0;0,85;0;0
"brasil";0;0;0;0
"rel";0;0;0;0
"aqui";0;0;0;0
"prático";0,004;0;0;0
"investigado";0;0,264;0;0
"autor";0;0;0;0
"social";0;0;0;0
"reunião";0,029;0;0,138;0
"político";0;0;0;0
"meio";0;0;0,074;0,631
"inquérito";0,002;0;0;0
"id";0,228;0,115;0;0
"assim";0;0,008;0,017;0,672
"sentido";0;0;0;0
"indevido";0;0;0;0
"porque";0,771;0;0;0
"relação";0;0,022;0,236;0
"vez";0,714;0,216;0,159;0,003
"resultado";0;0,005;0,072;0,513
"apenas";0,6;0,327;0,4;0,419
"dar";0,063;0,294;0;0
"meios_de_comunicação";0;0;0;0
"defesa";0;0;0,002;0
"presidente_da_república";0;0;0;0
"discurso";0;0;0;0
"pedido";0;0;0;0
"ocorrer";0;0;0,11;0,013
"dia";0;0;0;0
"realizar";0;0;0,003;0
"modo";0;0;0;0,023
"probatório";0;0;0;0
"respeito";0;0,881;0,027;0
"julgar";0;0;0;0
"evento";0;0;0;0
"lei";0,36;0;0;0
"processual";0;0;0;0
"falar";0;0,19;0;0
"análise";0;0,037;0;0,103
"recurso";0;0;0;0
"justiça_eleitoral";0,003;0,181;0;0
"documento";0;0;0;0
"poder_econômico";0;0;0;0
"eletrônico";0;0;0,002;0
"ver";0,018;0,579;0,001;0
"preliminar";0;0;0;0
"juiz";0;0;0,027;0
"tribunal";0;0;0;0
"legitimidade";0;0;0;0
"tratar";0,873;0;0,575;0
"presente";0;0,001;0,017;0,005
"demonstrar";0;0,502;0;0,003
"corte";0;0;0;0
"necessário";0;0;0;0
"causa";0;0;0;0
"até";0;0,002;0;0
"votação";0;0;0,116;0
"jair_messias_bolsonaro";0;0;0;0
"disparo";0;0;0,003;0,003
"querer";0;0;0;0
"razão";0;0;0;0,049
"df";0,053;0;0,041;0
"whatsapp";0,481;0,005;0,379;0,184
"ponto";0;0,001;0,006;0
"novo";0;0,018;0;0
"apresentar";0,003;0,246;0;0
"termo";0;0;0,001;0
"urna";0;0;0;0
"lc";0,165;0;0;0
"entender";0;0;0;0,02
"eleitor";0;0;0,039;0,052
"polícia";0;0;0;0
"considerar";0;0;0;0
"muito";0;0,002;0;0
"eminente";0;0;0;0
"falso";0;0;0,001;0
"questão";0;0;0,926;0
"matéria";0;0,095;0;0
"partir";0;0;0,001;0,923
"além";0,144;0,638;0,005;0
"testemunha";0,451;0;0;0
"demanda";0;0;0;0
"possível";0;0,412;0,764;0,005
"circunstância";0;0;0;0
"base";0;0,082;0;0,116
"alegação";0;0;0;0
"saber";0;0,002;0;0
"massa";0,066;0,001;0,004;0
"produzir";0;0,83;0,009;0
"inicial";0;0;0;0
"contexto";0,034;0;0;0,001
"abusivo";0;0;0;0
"advogado";0,058;0,106;0;0
"seguinte";0,149;0,001;0,791;0
"afirmar";0;0,005;0;0,001
"conclusão";0;0;0,878;0,048
"juízo";0;0;0,001;0,049
"exercício";0,627;0,001;0;0
"processo_eleitoral";0;0;0;0
"instrução";0;0;0;0
"candidatura";0;0;0;0
"democrático";0;0,119;0;0
"grave";0;0,102;0,008;0
"permitir";0,039;0,006;0,032;0,002
"momento";0,856;0;0,308;0
"finalidade";0;0,787;0;0
"interesse";0;0,003;0,009;0,229
"comunicação";0;0;0;0,306
"redes_sociais";0;0;0;0
"manifestação";0,016;0,003;0;0
"existência";0;0,024;0,001;0,864
"ano";0;0,158;0;0,565
"utilizar";0;0;0,015;0,002
"deputado";0;0;0;0
"acompanhar";0;0;0,717;0
"rede";0;0;0;0
"internet";0;0;0;0,114
"geral";0;0,977;0;0,25
"país";0;0;0;0
"inelegibilidade";0;0;0;0
"inclusive";0,321;0,001;0,803;0,047
"comprovar";0;0;0,001;0,012
"tema";0,002;0;0,001;0
"hipótese";0,102;0;0;0
"efeito";0;0,565;0;0,656
"liberdade";0;0,275;0;0
"investigação";0;0;0;0,002
"medida";0;0;0;0,849
"referido";0,148;0,233;0,014;0,01
"brasileiro";0;0;0;0
"final";0;0;0,767;0
"normalidade";0;0;0;0
"indício";0;0;0,872;0,916
"civil";0;0;0;0
"vista";0;0,032;0;0,001
"objeto";0;0,024;0,192;0
"suficiente";0,026;0;0;0
"digital";0;0;0,698;0,015
"democracia";0;0;0,493;0,002
"princípio";0;0;0;0
"judicial";0;0;0;0,057
"fundamento";0;0;0;0,65
"tese";0;0,011;0;0,05
"linha";0;0,013;0,518;0,422
"mérito";0;0;0;0
"utilização";0;0,145;0;0
"trazer";0;0,041;0,006;0
"diverso";0,246;0;0;0,001
"constitucional";0;0;0;0
"alexandre_de_moraes";0;0;0,001;0,048
"produção";0;0;0;0
"levar";0,347;0,012;0,499;0
"especial";0;0;0,005;0
"notícia";0;0;0,478;0
"representante";0,855;0,001;0,048;0,059
"poder_político";0;0;0;0
"acesso";0;0,022;0;0
"embaixador";0;0;0,492;0
"cassação";0;0;0;0
"ataque";0;0;0,095;0
"petição_inicial";0;0,441;0;0
"eventual";0;0;0;0
"aspecto";0,261;0;0;0
"fraude";0;0;0;0
"concluir";0,008;0,009;0,692;0,595
"só";0;0,001;0;0
"material";0,079;0,003;0,207;0,024
"respe";0;0;0;0
"tempo";0,27;0,001;0;0
"c";0,89;0;0,961;0
"justiça";0,142;0;0;0,001
"concreto";0,032;0;0;0
"grupo";0;0;0;0
"mandato";0;0;0;0
"apuração";0;0,226;0;0,064
"parecer";0;0,084;0,307;0
"ficar";0;0,209;0;0,011
"cargo";0;0;0,004;0
"ocorrência";0,142;0;0;0
"expor";0;0,253;0;0,029
"determinado";0,277;0;0,001;0
"amplo";0;0,209;0;0
"chefe";0;0;0,002;0
"dado";0,004;0,083;0;0
"relevante";0;0,064;0;0,316
"jair_bolsonaro";0;0;0,001;0
"revelar";0;0;0;0,006
"disputa";0;0,005;0;0
"partido";0;0,507;0,206;0
"tribunal_superior_eleitoral";0;0;0;0,054
"tender";0;0,469;0,002;0,021
"registro";0;0,002;0,134;0
"menos";0,034;0;0,113;0,867
"serviço";0,015;0;0,572;0,029
"exame";0;0;0;0,208
"ação_de_investigação_judicial_eleitoral";0;0;0;0
"suposto";0,032;0,26;0,01;0,235
"condição";0;0,304;0,001;0
"excelência";0;0;0;0
"propaganda_eleitoral";0;0,002;0;0
"bolsonaro";0;0;0,002;0
"presidencial";0,626;0,003;0,001;0,648
"precedente";0,211;0;0;0
"observar";0;0,123;0,004;0,048
"indicar";0;0,219;0,054;0,003
"força";0;0,011;0;0
"política";0;0;0,593;0,029
"desvio";0;0,009;0;0
"atuação";0,393;0;0,034;0,242
"constituição";0,007;0;0,006;0
"participação";0,02;0,238;0,04;0
"jurisprudência";0,046;0;0;0
"coligação";0;0,025;0,004;0,42
"verdade";0,129;0,008;0;0
"destaque";0,458;0,014;0;0
"vir";0,047;0,133;0;0
"diante";0,007;0,421;0,077;0,608
"agora";0;0;0;0
"propaganda";0;0;0;0
"live";0;0,005;0;0
"pessoal";0;0,003;0,503;0,004
"legal";0;0;0;0
"realização";0,004;0;0;0,032
"período";0;0;0;0,764
"contar";0,648;0,214;0,007;0,001
"conjunto";0;0;0;0,782
"marco";0,001;0,047;0,046;0,001
"conhecimento";0;0,403;0,841;0
"paulo";0,053;0,602;0;0,144
"caracterizar";0;0;0;0
"ausência";0;0;0;0,124
"teor";0,82;0;0;0,123
"possibilidade";0,024;0;0,134;0,001
"dentro";0;0,002;0;0
"sigilo";0;0;0,019;0
"segurança";0,157;0,306;0;0
"debate";0,518;0;0,314;0
"tudo";0;0,588;0;0
"proferido";0;0,006;0;0
"facebook";0;0;0;0
"prever";0,519;0;0;0
"autoridade";0;0,394;0,395;0
"verificar";0,01;0,003;0;0
"conta";0,015;0,791;0,062;0,231
"benefício";0;0,216;0;0
"superior";0;0;0;0
"lado";0,335;0,035;0;0,001
"passar";0;0;0,001;0,048
"encontrar";0;0,853;0,072;0,044
"valor";0;0,057;0,013;0
"sempre";0,129;0,558;0,835;0,015
"desinformação";0;0;0;0,043
"aijes";0;0;0;0
"declaração";0,862;0,001;0,318;0,009
"único";0,409;0,77;0,001;0,012
"passivo";0;0;0;0,001
"diligência";0;0;0,003;0
"ro";0;0;0;0
"destacar";0,14;0,303;0,002;0,001
"dúvida";0,062;0;0,703;0,055
"carlos";0;0;0;0,03
"possuir";0,002;0,44;0;0,319
"maior";0,002;0;0;0,066
"diploma";0;0;0;0
"agr";0;0;0;0
"depoimento";0,204;0;0;0
"exigir";0;0;0;0
"número";0;0,078;0;0
"configurar";0;0;0;0
"vídeo";0;0;0,201;0
"demais";0,468;0,708;0,018;0,079
"antes";0,22;0,323;0;0
"sanção";0;0;0;0
"original";0,056;0;0;0
"oficial";0;0;0,04;0
"claro";0,081;0,068;0;0,001
"âmbito";0,116;0,115;0,647;0,742
"deixar";0,049;0,049;0;0,136
"alegado";0;0,058;0;0,868
"código";0;0;0,02;0
"constituir";0,71;0,418;0;0
"fático";0;0;0;0,828
"chegar";0,004;0,776;0;0
"assentar";0;0;0;0
"r";0,975;0;0;0,549
"contraditório";0;0;0;0
"república";0;0;0,456;0,295
"imprensa";0;0;0,314;0,088
"ii";0,001;0,286;0,015;0,776
"divulgação";0;0;0;0,021
"governo";0;0;0;0
"determinar";0;0;0,017;0
"juntar";0;0;0,046;0
"ideia";0;0;0,065;0,029
"específico";0;0;0,232;0,352
"tornar";0,044;0;0;0
"liberdade_de_expressão";0;0,003;0;0
"embora";0,003;0,644;0,01;0,667
"praticar";0,939;0;0;0
"reconhecer";0,483;0,204;0,095;0,039
"contrário";0,069;0,002;0,569;0
"configuração";0;0;0;0
"aí";0;0;0;0
"lei_complementar";0,909;0;0;0
"jornalístico";0;0,718;0;0,516
"edson_fachin";0;0,001;0,006;0,206
"último";0,527;0,795;0;0
"ocasião";0,788;0,031;0;0
"representação";0;0;0;0
"lula";0;0;0;0
"veicular";0,002;0;0;0,095
"turno";0;0;0;0
"comportamento";0;0;0;0
"oab";0,177;0,236;0,106;0,225
"réu";0;0,103;0;0
"proposta";0,074;0;0;0,018
"adversário";0;0;0,016;0,003
"página";0;0;0,254;0,001
"livre";0;0,027;0;0
"função";0,006;0,647;0;0
"via";0,777;0,141;0,212;0,946
"relatório";0;0,027;0;0
"acórdão";0;0;0;0
"necessidade";0;0;0,009;0,917
"curso";0;0,003;0;0,002
"repercussão";0,001;0,827;0;0
"aplicativo";0;0;0,001;0,205
"trecho";0;0;0,005;0
"promover";0,196;0;0;0
"mero";0,487;0,007;0;0
"garantia";0;0;0;0,036
"depois";0;0,001;0;0
"opinião";0;0;0,017;0,516
"responsável";0,223;0,64;0,694;0,23
"estratégia";0;0;0,001;0
"capaz";0,468;0,822;0;0
"fonte";0;0;0;0,002
"supremo_tribunal_federal";0,066;0;0;0,401
"luiz";0;0,068;0,014;0
"caráter";0,018;0,363;0;0,115
"votar";0;0,579;0;0
"vice";0,001;0,001;0;0
"luis_felipe_salomão";0,339;0;0,007;0
"mencionar";0,218;0,072;0,008;0,055
"órgão";0;0,106;0,003;0,003
"silva";0;0,922;0;0,517
"exemplo";0;0,001;0;0,012
"divulgar";0;0;0,023;0
"direto";0,009;0,433;0;0
"certo";0;0,131;0,027;0,001
"prazo";0;0;0,865;0,02
"manter";0,859;0;0,002;0,292
"extrair";0,854;0,202;0,781;0,391
"eleger";0,284;0;0,125;0
"corregedor";0;0;0;0,398
"barro";0;0,004;0;0
"filipe";0;0,001;0;0
"espécie";0,847;0,808;0;0
"condenação";0,01;0;0;0
"caber";0;0,002;0,05;0,686
"impor";0,642;0;0;0
"imagem";0;0;0;0,126
"grande";0;0;0,023;0
"tipo";0,124;0;0,06;0,336
"palavra";0,001;0,028;0,069;0,836
"luís_roberto_barroso";0,758;0;0,776;0
"limite";0;0;0;0
"apurar";0,26;0;0,052;0
"situação";0,029;0,192;0,001;0,551
"nada";0,689;0;0;0
"relativo";0;0,386;0,033;0,002
"ex";0;0,102;0;0
"valer";0,073;0,433;0,804;0,003
"terceiro";0,22;0,651;0,07;0,012
"mundo";0;0;0;0
"conter";0;0;0,849;0,488
"aplicação";0;0;0;0
"importante";0,311;0,023;0,254;0,023
"procedimento";0;0;0,965;0
"contratação";0,043;0,849;0,016;0,835
"acontecer";0;0;0;0
"veículo";0;0,101;0;0
"mostrar";0,422;0,28;0;0
"ministério";0,028;0,273;0;0
"informar";0,629;0,588;0;0
"envolver";0,047;0;0,001;0,903
"devido";0;0;0;0
"analisar";0,001;0;0,037;0,016
"afastar";0;0;0;0
"oportunidade";0,041;0;0,068;0
"eleitorado";0;0;0;0
"tutela";0;0,603;0;0,527
"afirmação";0;0;0,032;0
"presidência";0;0;0;0
"fossar";0,7;0,887;0;0
"natureza";0,001;0;0;0
"pouco";0;0,007;0;0
"improcedente";0;0;0;0,352
"antônio";0,61;0,893;0,55;0,883
"legítimo";0;0;0;0,147
"conferir";0,006;0,762;0;0,517
"reeleição";0;0;0,34;0,001
"declarar";0,011;0,027;0,517;0
"rejeitar";0;0;0,018;0,623
"impedir";0,455;0,056;0,016;0,561
"apontar";0;0,432;0,279;0,002
"gente";0;0;0;0
"notório";0,005;0;0;0
"agente";0;0,107;0;0
"acima";0,008;0,093;0,045;0,507
"né";0;0;0;0
"aplicar";0;0;0;0
"sociedade";0;0;0;0,011
"lisura";0,001;0;0;0
"início";0,073;0,01;0,682;0
"cpc";0;0;0;0
"ademais";0;0,014;0;0,927
"requerer";0;0;0,001;0,006
"adotar";0,01;0,188;0,033;0,029
"sp";0;0;0,002;0
"ressaltar";0,16;0,731;0,011;0,249
"pena";0,01;0,011;0,013;0,039
"mídia";0;0;0;0,295
"colocar";0;0,035;0;0
"coisa";0;0;0;0
"servidor";0;0,613;0;0,16
"requerimento";0;0;0,003;0
"chapa";0,01;0;0;0
"quantitativo";0,068;0;0;0
"prejuízo";0;0;0;0,288
"palácio";0;0;0;0
"formular";0;0;0,002;0,003
"usuário";0,214;0;0,176;0,004
"irregular";0,137;0,903;0;0
"internacional";0;0;0,227;0
"fernandes";0;0;0,004;0,693
"efetivo";0;0;0;0,01
"compreensão";0;0;0;0,233
"sim";0,004;0,158;0;0,012
"instituição";0;0;0,001;0,018
"entendimento";0;0;0;0,003
"perfil";0,002;0;0,035;0
"objectivo";0,976;0;0,284;0
"longo";0,829;0;0,734;0,002
"stf";0,081;0;0,431;0,195
"impresso";0;0,195;0;0
"doutor";0;0,002;0;0
"cidadão";0;0,002;0;0
"premissa";0,001;0,634;0;0,516
"pleno";0,001;0;0;0
"mês";0;0,571;0;0
"descrever";0,001;0,032;0,052;0,644
"cumprir";0,313;0,01;0,03;0,682
"assegurar";0,407;0,122;0,056;0,015
"argumento";0;0,045;0,024;0
"achar";0,012;0;0;0
"real";0,003;0;0,449;0,047
"prestar";0,756;0,002;0;0,03
"jorge_mussi";0,099;0;0;0
"impulsionamento";0,602;0,302;0,926;0,683
"alcance";0;0;0;0,038
"transmissão";0;0;0,806;0
"regra";0;0;0;0,164
"casa";0,004;0,002;0;0
"admitir";0;0,007;0,791;0
"receber";0;0;0;0
"estrangeiro";0;0;0,952;0
"diretamente";0,022;0;0,842;0
"crime";0,23;0;0;0,037
"vedar";0;0,011;0;0
"norma";0,066;0;0;0
"liminar";0;0,057;0;0
"busca";0,66;0;0,001;0,025
"seguir";0,001;0;0,01;0
"predeterminado";0,001;0,001;0;0
"popular";0;0,45;0,001;0
"favor";0,016;0,873;0,004;0,887
"efetivamente";0,019;0,014;0,408;0,474
"destinar";0,448;0,761;0;0,041
"ofício";0,021;0;0;0
"manifestar";0,619;0,658;0,534;0,515
"identificar";0;0,474;0;0,752
"armado";0;0;0;0
"transparência";0;0;0;0
"simples";0;0,023;0,04;0
"pensamento";0;0,11;0;0
"institucional";0;0;0;0,016
"bom";0,347;0,069;0;0
"alterar";0,151;0,001;0,887;0
"negativo";0,383;0,871;0,015;0,272
"inciso";0,19;0;0;0
"constatar";0,776;0,051;0,088;0,447
"consideração";0;0,034;0,016;0
"voltar";0;0,013;0;0,004
"qualitativo";0,074;0;0;0
"narrativa";0,013;0;0,002;0
"ganhar";0;0,054;0;0
"exatamente";0,006;0,097;0;0
"requerido";0;0,008;0;0
"ltda";0,915;0,181;0,242;0,672
"gerar";0,504;0;0;0,582
"examinar";0;0;0,001;0,678
"plataforma";0;0;0,051;0
"legislação";0,309;0;0;0
"indeferir";0;0;0;0
"estabelecer";0,376;0,053;0;0
"essencial";0,005;0;0;0
"comprovação";0,091;0;0;0
"agravo";0,656;0;0;0
"nacional";0;0;0,679;0,02
"quebra";0;0;0;0,02
"mínimo";0;0,003;0;0,891
"improcedência";0;0;0;0,318
"vargas";0,177;0,274;0,339;0,225
"judiciário";0,004;0,297;0,961;0,037
"verdadeiro";0,756;0;0,002;0,165
"sessão";0,012;0,226;0,063;0,841
"robusto";0;0;0;0
"evidenciar";0,382;0,651;0,002;0,162
"dispositivo";0,41;0,009;0;0
"violação";0;0;0;0,843
"usar";0;0,012;0;0,009
"torre";0;0;0;0
"eleito";0;0,25;0;0,05
"eduardo";0;0;0;0
"constar";0,123;0;0,125;0
"registrar";0,311;0,86;0,992;0,203
"lá";0;0;0;0
"iv";0,005;0,681;0,008;0
"hacker";0;0;0;0
"existir";0,151;0,783;0;0,02
"controvérsia";0;0;0;0,013
"competência";0,879;0,477;0;0
"campanha_eleitoral";0,021;0,563;0,011;0
"aberto";0;0,007;0,1;0,719
"tv";0;0;0;0
"policial";0,149;0;0;0
"manipulação";0;0;0;0
"pensar";0;0,002;0,034;0
"nota";0,001;0;0,001;0,024
"minuta";0;0;0;0
"buscar";0,067;0;0,324;0,231
"responsabilidade";0,26;0,013;0,908;0,226
"requisito";0,886;0;0;0
"posição";0;0,281;0,009;0
"news";0;0;0,003;0
"magistrado";0;0;0,086;0
"hora";0;0;0,043;0,126
"deferir";0;0;0,001;0
"atividade";0;0,227;0;0,612
"resposta";0,075;0,089;0,038;0,038
"participar";0;0,623;0;0
"lugar";0,014;0;0,751;0,016
"avaliar";0,023;0,434;0,019;0
"apto";0,489;0,028;0;0
"apresentado";0,001;0,402;0,473;0
"transcrever";0,073;0,118;0,026;0,129
"relatoria";0,001;0;0;0
"iii";0,918;0,41;0,663;0,735
"formação";0;0;0;0,107
"conexão";0;0;0;0
"acusação";0;0,12;0,411;0,001
"penal";0;0;0;0,348
"crítica";0;0;0;0,879
"comissão";0;0;0;0
"prestação";0;0;0;0,78
"precisar";0,008;0,014;0;0,246
"justificar";0;0,005;0;0,452
"entrevista";0;0;0,313;0
"anderson";0;0;0;0
"vontade";0;0,091;0,318;0
"sequer";0;0,569;0,335;0
"objetivo";0;0,051;0;0,389
"repetir";0,009;0,01;0;0
"relatar";0,947;0,01;0;0,525
"audiência";0,024;0;0;0
"apoiador";0;0;0,029;0,016
"visar";0,863;0,676;0;0,001
"sustentar";0,031;0,005;0,291;0
"ordem";0,113;0,33;0,036;0,418
"maria";0,199;0;0,003;0,653
"indeferimento";0;0;0;0
"grau";0;0;0,001;0
"instrutor";0,066;0,098;0,011;0,042
"fundamental";0,212;0,003;0;0
"especialmente";0,409;0;0;0,047
"fase";0;0;0;0
"conduzir";0;0,022;0,386;0,068
"ministério_público_eleitoral";0,195;0;0,603;0,015
"luz";0;0;0;0
"filho";0,006;0;0,213;0
"autoria";0;0;0,047;0,002
"alvorada";0;0;0;0
"tomar";0;0,002;0,001;0,047
"solução";0;0,002;0,861;0
"estrutura";0;0;0,738;0,165
"banho";0,382;0;0,006;0
"apresentação";0,443;0;0,907;0,003
"invasão";0,733;0,314;0,001;0
"folha";0,007;0,061;0,217;0,885
"fake";0;0;0,003;0
"envio";0,588;0,016;0;0,031
"demonstração";0;0,002;0;0,467
"realidade";0,006;0,106;0,008;0,028
"prefeito";0;0,002;0,68;0
"ordinário";0;0;0;0
"especificamente";0,7;0,006;0,005;0,467
"doação";0,028;0,002;0,015;0,003
"sede";0,001;0;0,721;0,571
"jurisdicional";0;0;0;0,525
"imputação";0,001;0,436;0,005;0,932
"comprometer";0;0,798;0;0
"citar";0,023;0,082;0,04;0
"canal";0;0;0;0
"beneficiar";0;0,534;0,002;0
"benedito";0,003;0,019;0,926;0,499
"atuar";0,001;0;0,002;0,12
"reiterar";0,161;0,005;0,059;0,007
"espaço";0;0;0,003;0,616
"discutir";0,012;0,234;0,694;0,254
"cópia";0,003;0;0;0
"caracterização";0;0;0;0
"principal";0,021;0;0,001;0,161
"plenário";0;0;0,011;0,001
"marketing";0,001;0,926;0,056;0,095
"igualmente";0,026;0,123;0;0,014
"cerceamento";0;0;0;0,002
"apoio";0;0;0,061;0,017
"tecnologia";0;0,002;0;0,001
"ferramenta";0;0;0;0,692
"consequência";0,006;0;0,002;0
"autorizar";0;0,021;0;0,063
"respectivo";0,004;0;0,842;0,409
"programa";0;0;0;0
"devidamente";0;0,148;0,035;0
"cenário";0,984;0;0,001;0,191
"sérgio";0,092;0;0,817;0,019
"parlamentar";0;0,074;0;0,064
"papel";0,006;0,07;0;0,001
"obter";0,001;0,107;0,947;0
"conceder";0,058;0,009;0,124;0,001
"am4";0,324;0,181;0,242;0,168
"servir";0,107;0,195;0,044;0,214
"reportagem";0,573;0,002;0,959;0,008
"oitiva";0;0;0;0
"hoje";0;0,017;0;0
"gonçalves";0,002;0,009;0,102;0,46
"definir";0,028;0,004;0,241;0,1
"criar";0;0;0,546;0
"pt";0,001;0,003;0,004;0,045
"executivo";0;0;0;0
"conceito";0;0;0,001;0
"regimental";0,01;0;0;0
"litispendência";0;0;0;0,086
"exercer";0,443;0,351;0,002;0
"decreto";0;0,002;0,04;0,001
"anterior";0,504;0,353;0,246;0,006
"publicar";0,057;0;0,001;0,921
"potencial";0,002;0,465;0;0
"og";0;0;0,001;0,524
"mg";0;0;0;0
"igualdade";0;0,001;0;0
"fixar";0;0;0;0,61
"citado";0,166;0,029;0,005;0,242
"veiculação";0;0;0;0,393
"providência";0;0,01;0,747;0
"privado";0,001;0,577;0,011;0
"passado";0;0;0;0
"compor";0;0,03;0;0,008
"beneficiário";0,006;0,001;0;0
"técnica";0,511;0,053;0,004;0
"reforçar";0,069;0;0;0,166
"pretender";0;0,374;0,006;0,009
"emissor";0;0;0;0,882
"discussão";0,003;0,135;0,373;0,408
"critério";0,001;0;0,001;0
"tão";0,003;0,802;0,707;0,009
"maneira";0,063;0,001;0,439;0,047
"ler";0,011;0,564;0;0
"fux";0;0;0;0
"evidente";0,016;0;0,004;0,874
"equilíbrio";0;0;0;0
"empresário";0,058;0,187;0,086;0,064
"alegar";0,023;0,592;0,022;0,352
"propósito";0;0;0;0
"nunes";0,005;0;0;0
"inverídico";0;0;0;0,277
"fernando";0;0;0,001;0,562
"xiv";0;0;0;0
"item";0;0,281;0,096;0
"haddad";0;0;0,039;0,002
"ensejar";0,115;0;0;0
"econômico";0;0,28;0;0
"diálogo";0;0;0;0,002
"dano";0,688;0,178;0;0
"administrativo";0;0,008;0,003;0
"parâmetro";0,064;0;0;0
"narrado";0;0;0;0,281
"imediato";0;0,015;0,024;0,114
"falta";0;0;0,02;0,056
"diferente";0,221;0,241;0,137;0
"ações_de_investigação_judicial_eleitoral";0;0;0;0,871
"tarcisio_vieira_de_carvalho_neto";0;0;0,007;0,109
"seguro";0,031;0,011;0;0,001
"restar";0,657;0,163;0,575;0,015
"posto";0;0,001;0,002;0,247
"jornal";0;0,001;0,801;0,326
"evidência";0,599;0,113;0,003;0,1
"corroborar";0;0,051;0,6;0
"preciso";0,008;0,014;0,932;0,65
"instância";0;0;0,861;0,649
"inserir";0,425;0;0;0
"gustavo";0;0;0;0
"dirigir";0;0;0,238;0,001
"transmitir";0;0;0,086;0
"tampouco";0,027;0,963;0,027;0,737
"multa";0,085;0,336;0;0
"motivo";0;0,006;0,008;0,058
"entanto";0,024;0,729;0,401;0,042
"dispor";0,168;0,028;0,016;0,003
"decidir";0;0,005;0,029;0,731
"controlo";0;0,083;0;0,295
"arts";0,006;0;0;0
"marques";0;0;0,129;0,27
"constante";0;0,012;0,001;0
"barroso";0;0;0;0
"unido";0;0;0,805;0
"narrar";0;0,043;0,119;0,511
"luciano_hang";0;0,13;0,353;0,043
"fornecer";0,012;0,591;0;0,015
"fiscal";0;0,009;0;0
"exposição";0;0;0;0,009
"conseguir";0;0,018;0;0
"alto";0;0,005;0,006;0
"alteração";0,171;0,358;0,917;0,02
"técnico";0;0,006;0;0
"ribeiro";0,019;0,156;0,494;0
"requisição";0;0,001;0,025;0
"quase";0;0;0;0
"publicação";0,1;0;0;0,118
"proteger";0,001;0,001;0;0
"presença";0,137;0;0,128;0,128
"negar";0,108;0,032;0,885;0,744
"josé";0,001;0,682;0,11;0,009
"isonomia";0;0,684;0;0
"iniciativa";0;0,071;0,735;0
"inequívoco";0;0,257;0,009;0
"dito";0;0;0,001;0,004
"continuar";0;0,053;0;0,736
"bancário";0;0;0;0
"prerrogativa";0,022;0,605;0;0
"esclarecimento";0,003;0,032;0;0
"campo";0,473;0,031;0,404;0,025
"união";0,933;0,023;0,035;0,749
"trabalhar";0;0,644;0;0
"risco";0,055;0;0,128;0,002
"logo";0,001;0,12;0,253;0,255
"influenciar";0;0,235;0;0
"incluir";0,068;0;0,003;0,926
"fator";0,919;0,396;0;0
"ódio";0;0;0,082;0
"xvi";0;0;0;0
"rosa";0,329;0;0,069;0,001
"indireto";0,035;0,007;0;0
"imputado";0,676;0;0;0
"atribuir";0,045;0,703;0,067;0,366
"assumir";0;0,001;0,065;0,039
"julgador";0;0;0;0,241
"expressão";0,001;0,577;0;0
"data";0,141;0,025;0,007;0,147
"compartilhamento";0;0;0;0
"postagem";0,004;0;0,023;0,001
"instantâneo";0,003;0,508;0,001;0
"celeridade";0;0;0;0
"causar";0,05;0,044;0;0
"rj";0;0;0;0
"questionar";0,385;0,56;0,002;0,002
"passo";0;0,039;0,027;0,155
"organização";0,001;0;0,174;0
"obstante";0;0,018;0,014;0,973
"ementa";0,615;0;0;0
"começar";0;0,002;0;0
"coletivo";0,003;0;0,012;0,56
"ambiente";0;0;0,187;0,693
"algo";0;0,938;0;0
"vincular";0,378;0,165;0,006;0,911
"supostamente";0,085;0,088;0,078;0,086
"proteção";0,004;0,039;0;0
"potencialidade";0;0;0;0
"missão";0;0;0,349;0
"influência";0;0,148;0,002;0
"referir";0,071;0,352;0,002;0,065
"próximo";0,88;0;0,043;0,001
"proferir";0,001;0,775;0,253;0,005
"problema";0;0,367;0;0
"peça";0;0,41;0,001;0
"outubro";0,005;0,064;0;0,002
"exterior";0;0,593;0;0
"consistir";0,002;0,44;0,029;0,532
"compreender";0,867;0,141;0;0,015
"época";0;0,888;0;0
"rejeição";0;0;0,604;0,147
"referência";0,008;0,137;0,653;0,339
"raul";0,017;0,028;0,492;0,339
"origem";0,626;0;0,039;0
"emprego";0;0,031;0;0
"comum";0;0,268;0,078;0,002
"complementar";0;0;0,001;0,058
"caput";0,562;0;0;0
"bastar";0,526;0,014;0,032;0
"bahia";0,901;0;0;0
"aptar";0,426;0,006;0;0
"alves";0,824;0,026;0,337;0,1
"sufrágio";0;0,05;0;0
"solicitar";0,303;0;0;0
"regional";0,405;0,001;0,861;0
"petição";0;0;0,231;0
"inúmero";0,568;0,003;0,234;0,01
"enfrentar";0,049;0,226;0,822;0,002
"educação";0;0,093;0;0,073
"documentação";0,341;0,33;0;0
"câmara";0;0,002;0;0
"captação";0,001;0;0;0
"adequado";0;0,007;0,012;0,109
"síntese";0;0,041;0;0,784
"parágrafo";0,007;0,001;0;0
"mentira";0;0;0,002;0
"litisconsórcio";0;0;0;0,411
"interlocutório";0;0;0;0
"firmar";0;0;0,001;0,042
"envolvido";0,21;0,093;0,08;0,05
"bastante";0,071;0,352;0,021;0,272
"inexistência";0;0;0,005;0,076
"garantir";0,327;0,762;0,589;0,213
"referente";0;0,152;0,006;0,875
"procedência";0,012;0;0;0
"lives";0;0;0,405;0
"inibitório";0,005;0,314;0;0,375
"inexistir";0;0,001;0,013;0,001
"importar";0,19;0,114;0,014;0,425
"estabilização";0;0;0;0
"denúncia";0,001;0,971;0;0,009
"cármen";0,687;0,159;0,396;0,814
"confirmar";0,008;0,301;0;0,009
"atual";0,385;0;0,067;0,002
"agir";0,003;0;0,943;0,682
"twitter";0,002;0;0,101;0,023
"tutelado";0,003;0;0;0
"total";0,002;0,003;0;0,001
"referendar";0;0;0;0
"pretensão";0;0;0,004;0,002
"preservar";0,385;0,004;0;0
"observação";0,636;0;0,903;0,001
"fundamentação";0;0;0;0,001
"distribuição";0,418;0,319;0;0
"desdobramento";0;0;0;0
"decorrer";0,001;0,405;0;0,403
"suscitado";0;0;0,001;0,009
"supremo";0,003;0;0;0,871
"reconhecimento";0,185;0;0,018;0
"realmente";0,001;0,002;0;0
"esclarecer";0;0;0,124;0
"convicção";0;0;0;0,081
"comunidade";0;0;0,032;0
"cibernético";0,047;0,052;0;0
"atenção";0,02;0;0,153;0,008
"reprovabilidade";0;0;0;0
"proceder";0,001;0,012;0,064;0,546
"pertinência";0;0;0,002;0,001
"mendes";0,384;0;0;0
"lembrar";0,011;0,021;0;0,668
"grifo";0,845;0;0,005;0
"face";0,469;0,421;0,022;0,041
"contrato";0,188;0,157;0,383;0,442
"afetar";0;0,733;0,036;0
"vice_procurador_geral_eleitoral";0,072;0,04;0,856;0,994
"razoável";0;0,003;0;0
"evitar";0,002;0,016;0,189;0,744
"estadual";0;0,688;0,184;0
"diplomático";0;0;0,001;0
"chamado";0,009;0;0,032;0
"vida";0;0,018;0,063;0,436
"secretaria";0;0,011;0;0
"residência";0;0,007;0;0
"orientação";0,001;0;0,001;0
"obrigar";0,812;0,016;0;0
"leitura";0,586;0,593;0,342;0,411
"jornalista";0,294;0,211;0,089;0,091
"ilegitimidade";0;0;0;0
"embargo";0;0;0;0,425
"determinação";0;0,11;0;0
"compra";0,993;0,18;0,024;0,001
"augusto";0;0;0;0,23
"atingir";0,004;0;0,001;0,649
"anúncio";0,002;0;0,001;0,005
"abertura";0,306;0,342;0,708;0,837
"televisão";0;0;0,001;0,841
"prévio";0;0,211;0,222;0,026
"professor";0,053;0,323;0;0,006
"polo";0;0;0;0,036
"mulher";0,132;0;0,015;0
"enviar";0,617;0,399;0,039;0,001
"contato";0;0,032;0;0
"carvalho";0,007;0,002;0;0,689
"araújo";0,013;0,071;0,693;0,232
"ônus";0;0;0;0
"submeter";0;0,093;0;0,041
"rio";0,049;0,022;0,002;0,002
"presunção";0;0;0;0,003
"omissão";0;0;0;0,112
"ofensa";0,87;0,001;0;0
"lúcia";0,958;0,342;0,88;0,435
"independentemente";0;0;0,001;0,008
"incidência";0,772;0,001;0;0
"horário";0;0;0,231;0,005
"expressar";0,033;0,725;0,035;0
"defender";0,929;0,814;0,4;0,363
"intuito";0,203;0,191;0,002;0,004
"google";0,562;0;0,016;0,02
"dj";0,278;0;0;0
"difusão";0;0;0,001;0,006
"conhecido";0,013;0,005;0;0,081
"compartilhar";0,655;0;0,016;0,001
"ciência";0,087;0,014;0,943;0,55
"vivo";0;0;0,124;0
"sugerir";0;0,733;0;0
"nulidade";0;0;0;0,139
"impacto";0,039;0,484;0,002;0
"horbach";0,236;0,002;0,859;0,047
"disseminação";0;0;0,115;0
"certeza";0,552;0,016;0;0
"assunto";0;0,788;0;0
"resolução";0;0;0,001;0,557
"pergunta";0;0,801;0;0
"ouvir";0,916;0,103;0;0
"máximo";0;0,001;0,112;0,276
"integridade";0;0;0,001;0,002
"indicado";0,002;0,74;0,541;0
"gasto";0,994;0,045;0,019;0
"frente";0;0,659;0;0,002
"denominar";0,999;0;0;0,001
"cumprimento";0;0,008;0,877;0,008
"correlação";0;0;0,029;0,004
"absolutamente";0,162;0,015;0,016;0,002
"soberania";0;0,19;0;0
"reafirmar";0,201;0,53;0,099;0,596
"mauro";0,006;0,009;0,27;0,486
"junto";0,11;0,632;0;0
"instrumento";0,007;0;0,004;0,117
"instituto";0,001;0,153;0,001;0,024
"futuro";0,038;0;0,723;0,081
"encaminhar";0,121;0;0;0
"disposto";0,008;0,082;0,048;0,471
"violar";0,245;0,491;0,378;0,804
"título";0,294;0,02;0,332;0,033
"mouro";0,003;0,006;0,304;0,564
"minuto";0;0;0,002;0
"investigante";0,296;0;0;0,071
"fé";0;0,153;0,026;0,035
"escolha";0,121;0;0,003;0,622
"dimensão";0;0;0,001;0
"decadência";0;0;0;0
"confiança";0;0;0;0
"chamar";0;0,002;0;0
"teoria";0;0,643;0,002;0,555
"especializar";0;0,021;0;0,361
"encontro";0;0;0,064;0
"encerrar";0;0,025;0,24;0,029
"ed";0,675;0;0,001;0
"diretor";0,566;0,503;0;0,049
"depender";0,531;0,354;0,008;0,007
"significativo";0;0,643;0,002;0
"responder";0,003;0,025;0;0,004
"melhor";0,052;0,801;0,28;0,001
"gilmar";0,293;0;0;0
"contorno";0,002;0,323;0;0,125
"município";0;0,843;0,088;0,001
"lide";0;0;0;0
"intervenção";0,278;0,001;0,058;0
"inerente";0,108;0,394;0;0,007
"imputar";0,346;0,953;0,001;0
"vitória";0;0;0;0
"temporal";0;0,021;0,035;0
"suspeita";0,016;0,233;0;0,001
"quadro";0;0,146;0,039;0,007
"pec";0;0,076;0;0
"notar";0,478;0,167;0,319;0,2
"jamais";0;0,573;0;0,003
"investigantes";0;0,626;0,006;0,001
"disponível";0;0;0,475;0,001
"delimitar";0;0,014;0;0,064
"decorrente";0,09;0,009;0,002;0
"contido";0;0,102;0,034;0,651
"administração";0;0,032;0,189;0
"acolher";0;0;0,704;0
"acabar";0;0,266;0;0
"vedado";0;0,001;0,001;0
"relevância";0,064;0,659;0,029;0,638
"propor";0;0,69;0,039;0,001
"pesquisa";0;0;0,006;0
"perito";0;0,01;0;0
"particular";0,442;0,596;0,032;0,001
"novamente";0;0,74;0,535;0
"integrar";0,041;0,758;0,324;0,101
"indicação";0;0,002;0,021;0,747
"ilegal";0,028;0,417;0,127;0,867
"consistente";0,533;0,092;0,001;0,46
"consignar";0;0,38;0,001;0,281
"trâmite";0;0;0,863;0
"salientar";0;0,999;0,281;0,002
"sabidamente";0;0;0;0,139
"resultar";0,289;0,13;0,008;0,005
"regular";0,428;0,171;0,001;0,466
"modelo";0,246;0;0,025;0,021
"incompetência";0;0;0;0,02
"identidade";0;0,164;0,01;0,633
"dr";0,334;0,58;0,041;0,167
"cadastro";0;0,058;0,178;0,536
"aceitar";0,004;0,22;0;0
"abordar";0,034;0;0,072;0,003
"verificação";0,001;0,003;0;0
"vencedor";0,006;0,258;0,006;0,486
"resolver";0,469;0;0;0
"neto";0,013;0,43;0,053;0,906
"membro";0,131;0,006;0,006;0
"janeiro";0,035;0,067;0,001;0,009
"integralmente";0;0,014;0,134;0,001
"infundado";0;0;0,168;0,004
"gabinete";0;0,01;0;0
"financiamento";0,82;0;0,004;0,43
"financeiro";0,574;0,988;0,002;0
"favorável";0,001;0;0,126;0,962
"contribuir";0,71;0,025;0,001;0,285
"consubstanciar";0,025;0,679;0;0,594
"cabível";0,001;0,012;0;0,015
"amparar";0;0,001;0,002;0,092
"sugestão";0;0,372;0;0
"souza";0,245;0,031;0,002;0
"resguardar";0,637;0;0;0
"referendo";0;0,018;0,001;0,017
"publicidade";0,5;0,436;0,094;0,145
"propositura";0;0;0;0,004
"irregularidade";0,199;0,08;0,551;0
"gomes";0,001;0;0;0,605
"frança";0;0,098;0;0
"central";0,427;0;0,001;0,002
"sítio";0,002;0;0,003;0,011
"sobretudo";0,19;0,114;0,006;0,605
"reunir";0;0,462;0,183;0,004
"rejeito";0;0;0;0,004
"recorrer";0,329;0,055;0,095;0,541
"preservação";0,03;0,163;0,004;0
"pp";0,078;0,046;0;0
"posterior";0;0,69;0,112;0,024
"meramente";0;0,008;0,001;0,002
"físico";0,285;0,102;0,266;0,126
"especializado";0,001;0,889;0;0,008
"entrar";0;0,001;0;0
"desenvolvimento";0,085;0,242;0,119;0,098
"cuidar";0,693;0,315;0,183;0,008
"campbell";0;0,003;0,017;0,629
"artigo";0,795;0,001;0,042;0
"absoluto";0;0,006;0,071;0,911
"retirar";0,005;0,037;0,27;0,058
"qualidade";0,161;0,001;0,015;0,007
"plano";0,018;0,003;0,003;0,024
"interno";0,751;0,493;0,713;0,981
"exigência";0;0,025;0;0,045
"exclusivamente";0,751;0,043;0,582;0,054
"contratar";0,507;0,096;0,135;0,285
"comentário";0;0;0,071;0
"cogitar";0,013;0,044;0,009;0,078
"apontado";0;0,008;0,248;0,568
"virtude";0,004;0,001;0,014;0,016
"virtual";0,001;0;0;0,141
"tratamento";0,025;0,588;0,004;0
"texto";0,058;0,112;0,959;0,637
"sigiloso";0,004;0,801;0;0
"local";0;0;0,002;0,047
"expressamente";0,002;0,474;0,439;0,001
"cobertura";0;0;0;0,001
"auditoria";0;0,36;0;0
"weber";0,128;0;0,336;0
"unanimidade";0;0,037;0,748;0,01
"tópico";0,008;0,202;0,439;0,001
"tentativa";0,021;0,282;0;0,023
"pronunciamento";0,923;0;0,01;0,002
"população";0;0;0;0
"partidário";0,06;0,339;0,004;0,681
"parcialmente";0;0,004;0,031;0,382
"merecer";0,536;0,816;0,047;0,368
"justamente";0,527;0,382;0,729;0,917
"jogo";0;0,932;0,911;0
"interpretação";0,079;0,003;0,255;0,03
"estatal";0,186;0,662;0,001;0,267
"divergência";0;0,001;0,071;0,008
"difundir";0;0;0;0
"severo";0,165;0,021;0;0,006
"ricardo";0,122;0,044;0,162;0,379
"notadamente";0,789;0,13;0,003;0
"menção";0;0;0,116;0,012
"impossibilidade";0,135;0,194;0,017;0,059
"eventualmente";0;0,044;0,047;0,587
"eletivo";0,012;0;0;0
"direcionar";0;0;0,045;0,329
"ótica";0,289;0,019;0;0
"superveniente";0;0;0;0,002
"repercutir";0,877;0,328;0,006;0,097
"regularidade";0;0;0,01;0,119
"preocupação";0,387;0,115;0,022;0,642
"pdt";0,014;0,58;0;0,055
"pagar";0,003;0;0,6;0,181
"oferecer";0,294;0;0,724;0,007
"nunca";0,004;0,804;0;0,001
"noticiar";0,002;0;0,413;0,001
"ilicitude";0,041;0,005;0;0
"igual";0,425;0,7;0,011;0,292
"explicar";0,041;0,816;0;0,001
"episódio";0,003;0;0,409;0,339
"desproporcional";0;0,005;0;0
"conhecer";0,068;0,815;0,103;0
"apurado";0,088;0,033;0,817;0,587
"anteriormente";0,003;0,014;0,115;0,446
"antecipado";0,018;0,094;0,001;0
"alcançar";0;0;0,003;0,001
"procuradoria";0;0,018;0,617;0,143
"previsão";0,026;0;0,001;0
"ipl";0;0,339;0;0
"intimação";0,007;0,071;0,51;0,095
"desprover";0,165;0,007;0,001;0
"desequilíbrio";0;0,003;0;0
"convidado";0;0,006;0;0
"conversa";0;0,123;0;0,495
"caixa";0,038;0,552;0,024;0,678
"ausente";0;0,002;0;0,442
"atentar";0,016;0,214;0,115;0,014
"aguardar";0;0;0,152;0
"vênias";0;0,001;0,167;0,011
"sujeito";0;0,073;0;0,41
"relacionado";0,002;0,241;0,05;0,006
"possibilitar";0;0;0,001;0,177
"necessariamente";0,842;0,003;0,002;0
"nação";0;0;0,176;0,001
"mudar";0,007;0,024;0;0
"mobilização";0;0;0,001;0,011
"impugnar";0,004;0,144;0,001;0,184
"governador";0;0;0,118;0,189
"excepcional";0,041;0;0,104;0
"duração";0;0,382;0;0,001
"disseminar";0;0;0,117;0,007
"construir";0,131;0;0,003;0,047
"colegiado";0;0;0;0,001
"ampliação";0;0;0;0
"ameaça";0;0;0,041;0
"agência";0,011;0;0,271;0,138
"transparente";0;0,164;0;0,633
"pertinente";0,001;0,364;0,014;0,568
"perceber";0,307;0;0,373;0
"pedro";0;0,012;0;0,402
"organizar";0,009;0;0,034;0,111
"mencionado";0,7;0,628;0,017;0,002
"indispensável";0,001;0,007;0,002;0,043
"humano";0,001;0;0,029;0
"formar";0;0,241;0,095;0,09
"estabilidade";0,131;0,98;0,116;0,002
"discursivo";0;0;0,209;0,319
"versão";0,115;0,663;0,217;0,001
"usado";0;0,024;0,325;0,1
"regime";0,009;0,978;0,001;0
"perícia";0,002;0;0;0,004
"outdoors";0,697;0,743;0,001;0
"ministerial";0;0,033;0,001;0,016
"inépcia";0;0;0;0,001
"iniciar";0,876;0,05;0,114;0,001
"incontroverso";0,198;0;0,001;0,127
"fundo";0,024;0,329;0,926;0,127
"funcionamento";0;0;0,635;0,867
"forte";0,03;0,196;0,001;0,051
"documental";0;0,033;0,012;0
"comunicar";0;0;0,509;0
"atacar";0;0;0,043;0,002
"asseverar";0,807;0,512;0,246;0,143
"agradecer";0,004;0;0;0
"turma";0,001;0;0,002;0
"recusar";0;0;0;0,003
"reclamar";0,002;0;0,84;0
"prejudicar";0,063;0,005;0,13;0,6
"posteriormente";0,002;0,25;0,69;0,011
"perpetrar";0,001;0,431;0,001;0
"peixe";0;0;0;0
"ostentar";0,173;0,058;0;0
"investigativo";0;0,006;0,004;0
"henrique";0,001;0;0,009;0
"diferença";0,057;0,584;0,658;0,269
"detrimento";0,078;0,003;0,001;0
"capacidade";0,326;0;0,001;0,018
"apreciação";0;0;0,001;0,069
"acarretar";0,012;0,861;0,001;0,804
"youtube";0;0;0,009;0
"titular";0,281;0;0,078;0
"testemunhal";0;0,005;0;0
"site";0,003;0;0,583;0,036
"senha";0;0;0;0
"secretária";0;0,009;0;0,923
"requerente";0;0,921;0,001;0,092
"promoção";0;0;0,002;0,587
"obra";0;0;0;0,438
"mello";0,098;0,006;0,001;0
"fenômeno";0,277;0;0;0,001
"explícito";0;0,002;0,408;0,016
"desenvolver";0,041;0,002;0,01;0,003
"criminal";0,141;0;0,001;0,824
"crer";0,012;0,241;0,201;0,006
"arma";0;0,364;0,033;0
"antônio_hamilton_martins_mourão";0,07;0,005;0,226;0,041
"acordo";0,423;0,154;0,585;0,923
"visão";0,539;0;0,003;0,001
"vencer";0,364;0,524;0,989;0,751
"vantagem";0;0,008;0,006;0
"stj";0,23;0;0,077;0
"similar";0,041;0,802;0,001;0,308
"rp";0,436;0,005;0;0
"pericial";0;0;0,014;0
"norte";0;0,724;0,029;0,101
"neve";0,143;0;0,022;0
"mandar";0,209;0,014;0;0,027
"kiplix";0,01;0,304;0,408;0,329
"importância";0,225;0,01;0,248;0,784
"idôneo";0;0;0;0,881
"exibir";0;0;0,015;0,001
"distinto";0;0,004;0;0,088
"disputar";0,025;0,207;0,838;0,184
"deslinde";0;0;0,014;0,039
"confundir";0,001;0,536;0,005;0,568
"comentar";0,002;0,567;0;0,032
"castro";0,01;0;0;0,023
"ativo";0,034;0,093;0,096;0,012
"apreender";0,884;0,013;0;0,002
"aliás";0,017;0,048;0,096;0,002
"ajuizado";0,007;0,029;0,096;0,393
"aferir";0,348;0,008;0,139;0
"rádio";0;0;0,019;0,393
"relato";0,003;0,01;0;0,003
"provimento";0,237;0,001;0;0
"integrante";0,285;0,069;0,001;0,937
"integral";0,07;0,832;0;0
"imprescindível";0,422;0,001;0,003;0
"excluir";0,005;0,25;0,441;0,011
"enquadrar";0,001;0,002;0;0
"computador";0;0,463;0;0,023
"através";0;0;0,031;0,006
"artista";0;0;0;0,001
"vênia";0;0;0,086;0,001
"transformar";0,475;0,52;0,535;0,046
"preparação";0,001;0;0,234;0,015
"oriundo";0;0,112;0,183;0,002
"obviamente";0,003;0,002;0;0,011
"mourão";0,259;0,46;0,041;0,02
"jurisprudencial";0,807;0;0;0
"independente";0;0,431;0,31;0,001
"idêntico";0;0,068;0,001;0,014
"guilherme";0,259;0,007;0;0,011
"funcionário";0,308;0,029;0,992;0,26
"escolher";0;0,002;0,107;0,438
"disponibilizar";0;0;0;0,001
"desfavor";0,36;0,296;0,002;0,004
"contestação";0;0,023;0,045;0
"constatação";0,23;0,343;0,014;0,056
"comprometimento";0;0,174;0,002;0
"competir";0,328;0,005;0,003;0
"auxiliar";0,317;0,003;0;0,001
"atender";0,003;0,276;0,217;0,001
"aferição";0,486;0,005;0;0
"abrir";0,19;0,862;0;0,008
"reproduzir";0,037;0,124;0,014;0,111
"provar";0,001;0,208;0,737;0,011
"procedente";0,098;0;0,03;0
"oral";0;0;0,003;0,095
"marcelo";0,055;0,081;0,165;0,009
"macular";0;0,002;0,031;0
"instagram";0;0;0,004;0
"inc";0,419;0,058;0,079;0,008
"fachin";0,001;0;0;0
"explorar";0;0;0,586;0
"estudo";0,017;0;0,012;0,049
"esquerdo";0;0,003;0;0
"engajamento";0;0;0;0,009
"enfim";0,001;0,121;0;0,204
"deduzir";0;0;0;0,028
"composição";0,2;0,022;0,421;0,814
"completo";0,002;0,314;0,313;0,001
"cf";0,003;0,059;0,003;0
"celular";0,72;0,629;0,882;0,454
"apoiar";0,019;0;0,223;0,263
"simplesmente";0,025;0,392;0;0
"sair";0;0,026;0;0,001
"robô";0,146;0;0,131;0,075
"reserva";0,004;0,006;0,05;0
"pretendido";0;0,163;0,001;0,008
"núcleo";0,053;0,196;0,535;0,181
"joão";0;0,81;0,364;0
"esfera";0,004;0,017;0,006;0,075
"constitutivo";0;0,959;0;0,037
"concessão";0,033;0,029;0,656;0,745
"ce";0,004;0;0;0
"alvo";0;0;0,16;0
"viabilizar";0,226;0,206;0,223;0,133
"tocante";0;0,033;0,002;0,47
"rigor";0;0,052;0,012;0,696
"remeter";0,05;0,683;0;0,003
"reabertura";0;0;0;0
"propagação";0;0;0,002;0,077
"pf";0;0;0;0
"perspectiva";0,017;0,117;0,002;0,056
"par";0;0;0,038;0,013
"pagamento";0,087;0,479;0,042;0,462
"orientar";0,026;0,436;0,094;0,092
"lima";0,017;0,027;0;0,981
"ivo";0;0;0;0
"imposição";0,025;0;0,003;0
"identificação";0,608;0,039;0,017;0
"gravação";0;0,001;0,191;0,981
"fundamentar";0;0,001;0,001;0,87
"disposição";0,103;0,52;0,403;0,095
"conseguinte";0,859;0,006;0,002;0
"assinalar";0,004;0,264;0,19;0,414
"apreensão";0,308;0,01;0,038;0,732
"adir";0,235;0;0;0
"acreditar";0;0,001;0;0,023
"software";0,015;0,032;0;0,042
"remoção";0,616;0;0,002;0,014
"prosseguir";0,606;0,004;0;0,098
"perda";0,463;0,001;0,001;0
"passagem";0,117;0,408;0,001;0,027
"observância";0;0;0;0,157
"mecanismo";0,001;0;0,253;0,009
"inexistente";0,859;0;0,005;0,375
"hamilton";0,43;0,495;0,061;0,062
"extrato";0,011;0,026;0,082;0,038
"exordial";0;0,051;0,002;0,331
"enfatizar";0,976;0,561;0,011;0,092
"economia";0;0,02;0,209;0,001
"ebc";0;0;0,001;0,046
"diplomação";0;0,184;0,031;0,48
"desfecho";0;0;0;0,276
"competente";0,477;0,133;0,512;0,172
"aparecer";0;0,003;0;0
"ajuizamento";0;0,002;0,001;0,004
"afastamento";0;0;0,003;0,009
"admissibilidade";0;0;0;0,001
"acrescer";0,947;0,004;0,031;0
"acrescentar";0,006;0,728;0,333;0,015
"sócio";0,007;0,507;0,204;0,279
"sofrer";0,011;0,314;0,685;0,172
"restrição";0,859;0,006;0,005;0
"relativamente";0,001;0,618;0,001;0,835
"procurar";0,06;0;0,138;0,001
"pressuposto";0,517;0;0;0
"otávio";0,009;0,001;0,082;0
"noite";0,071;0,433;0;0,002
"lógica";0,002;0,947;0,015;0,227
"lograr";0,253;0,007;0,333;0,017
"jurisdição";0;0;0,004;0,48
"interferência";0;0,642;0;0,257
"inteiramente";0,135;0,545;0,492;0,004
"imposto";0,931;0,003;0,001;0
"fala";0,001;0;0,106;0,001
"empregado";0,009;0,072;0,001;0
"douto";0;0,007;0,001;0,034
"deferimento";0;0;0,001;0,002
"autônomo";0,947;0,004;0,001;0
"ator";0;0;0;0,523
"acervo";0;0,003;0,106;0,676
"walter";0,082;0,043;0,002;0,003
"vislumbrar";0,683;0,745;0,118;0,189
"tecnológico";0;0,007;0,009;0
"setembro";0;0,053;0;0,003
"sentir";0,001;0,628;0,043;0,254
"santo";0;0,001;0,01;0,004
"revestir";0;0,026;0,001;0,835
"questionamento";0,413;0,463;0,744;0,053
"passível";0,799;0,126;0,044;0
"padrão";0,416;0,043;0,116;0,009
"lícito";0,129;0,067;0,001;0,676
"invadir";0,001;0,052;0;0,001
"influir";0;0;0;0,001
"individual";0,7;0,013;0,002;0,494
"firme";0,799;0,026;0,105;0
"esforço";0,004;0;0,959;0,005
"denotar";0,417;0,157;0,001;0,419
"convocar";0;0;0,811;0
"braga";0,2;0,083;0,002;0,001
"suporte";0;0,051;0,559;0,037
"significar";0,918;0,331;0,914;0,325
"reflexo";0,013;0;0,001;0
"recorrente";0,526;0,866;0,067;0,029
"invocar";0;0,575;0,005;0,227
"informacional";0;0;0;0,001
"impossível";0,36;0,008;0;0,04
"hackers";0;0,033;0;0
"gostar";0,264;0,004;0;0,003
"fraudulento";0;0;0,017;0,032
"financiar";0,514;0,199;0,069;0,711
"extensão";0;0,005;0,441;0,004
"dinâmica";0,608;0,041;0,906;0,006
"desconfiança";0;0;0,001;0,092
"breve";0,001;0,568;0,683;0,009
"branco";0,832;0,909;0,017;0,022
"amplamente";0,18;0;0,131;0,35
"talvez";0,007;0,508;0;0
"surgir";0,103;0,107;0,23;0,02
"reflexão";0,931;0,001;0,043;0,142
"qualificar";0,678;0,221;0,131;0,002
"nítido";0,002;0;0,19;0,142
"normal";0;0,01;0,798;0,189
"lançar";0,075;0,728;0,333;0,16
"estrito";0,009;0,007;0,001;0,002
"dilma";0,976;0,022;0;0,001
"deter";0,308;0,024;0,008;0,315
"confiável";0;0,289;0;0
"brasília";0,01;0;0,024;0
"aurélio";0,664;0,019;0,01;0
"anunciar";0;0;0;0
"principalmente";0,103;0,52;0,403;0,095
"preclusão";0;0;0,001;0,011
"moral";0,319;0,561;0,015;0
"intenção";0;0,018;0,153;0,945
"informática";0,007;0,218;0;0,024
"el";0,003;0,001;0,001;0
"dispensar";0;0,001;0,944;0,002
"desequilibrar";0;0,001;0,001;0
"cunho";0,002;0;0,013;0,498
"criação";0;0,002;0,019;0,002
"coordenação";0;0;0,038;0,003
"convite";0;0;0;0
"condenar";0,799;0,01;0,062;0,228
"bezerro";0;0,13;0;0,545
"atrair";0,003;0;0,001;0,121
"anotar";0;0,01;0,054;0,046
"andamento";0;0,003;0,333;0,005
"aludir";0,302;0,006;0,031;0
"advir";0;0,121;0,003;0,945
"adoção";0,82;0,209;0,16;0,814
"íntegro";0,084;0;0,325;0,001
"vieira";0,535;0,2;0,156;0,516
"tratado";0,195;0,057;0,58;0,294
"traduzir";0,409;0,045;0,556;0,089
"torno";0,05;0;0,364;0,002
"temática";0;0,458;0,004;0,031
"telefone";0,169;0,695;0;0,035
"reconsideração";0;0;0,001;0,015
"raciocínio";0,011;0,024;0,118;0,325
"obtenção";0,001;0,285;0,034;0,664
"modalidade";0,841;0;0,009;0
"maia";0,084;0;0,001;0
"legislativo";0,54;0,619;0,69;0,124
"inegável";0,413;0,683;0,009;0,283
"independência";0;0;0,001;0,505
"hc";0,01;0;0,001;0
"freitas";0,966;0,809;0,766;0,572
"contemplar";0;0,196;0,003;0,181
"coligação_o_povo_feliz_de_novo";0,514;0,131;0,019;0,003
"celso";0,654;0,003;0,004;0
"assistir";0,365;0;0,751;0,002
"adentrar";0,004;0,517;0,054;0,501
"acolhimento";0;0,001;0,697;0,051
"rodrigues";0,7;0,093;0,658;0,011
"republicano";0;0,069;0,003;0
"recordar";0,002;0,011;0;0,02
"provocar";0,085;0;0,333;0,036
"pressupor";0,011;0,009;0,001;0,004
"prejudicial";0;0,001;0,004;0,003
"oportuno";0;0,012;0,006;0,816
"olhar";0;0,033;0;0
"mau";0;0,016;0,001;0,814
"impressão";0,001;0,042;0;0,002
"higidez";0;0,807;0,009;0
"esclarecido";0;0,013;0,37;0,002
"entidade";0;0;0,487;0,053
"despesa";0,392;0,035;0,081;0,728
"custo";0,017;0;0,002;0,027
"convidar";0;0,728;0;0
"condenatório";0;0;0,001;0,053
"atribuição";0,16;0,318;0,333;0,001
"visualização";0;0;0,002;0,001
"tradicional";0;0;0,004;0,109
"somar";0,278;0,001;0,333;0,16
"seção";0;0,001;0;0,002
"relevo";0,294;0,978;0,415;0,056
"pauta";0;0;0,433;0,12
"paridade";0;0;0,001;0
"intitular";0,541;0;0,306;0,001
"instaurar";0,12;0,026;0;0,048
"indagar";0,002;0,016;0;0,001
"incidir";0,302;0;0,001;0
"ilação";0,009;0,037;0,94;0,446
"ideológico";0,897;0,007;0,177;0,16
"fraudar";0;0,002;0;0,003
"eleitoreiro";0;0,728;0,013;0
"diário";0,682;0;0,025;0,252
"corregedoria";0,178;0;0,019;0,814
"contagem";0;0,497;0;0
"conspiração";0;0;0,277;0
"conectar";0,47;0;0,217;0
"colher";0,032;0,071;0,24;0,555
"cercar";0,06;0;0,944;0,007
"cassar";0;0;0,474;0
"baliza";0;0;0,004;0,312
"atar";0,001;0,317;0,271;0,138
"ângulo";0,687;0,159;0,004;0
"walber";0,039;0,263;0,001;0,814
"subjetivo";0,022;0,159;0,16;0,814
"revista";0,654;0,508;0,834;0,175
"materialidade";0;0;0,005;0,006
"logs";0;0,009;0;0,001
"inácio";0;0;0,039;0,002
"inverdade";0;0;0,766;0,896
"hackeamento";0,391;0;0,001;0,141
"figurar";0;0,109;0,005;0,953
"extremo";0,897;0,007;0,556;0,036
"esperar";0,473;0,112;0,636;0,005
"especialista";0;0;0;0
"equipa";0;0,138;0;0,006
"embaixada";0,001;0;0,001;0,002
"doutrina";0,687;0,001;0,001;0
"construção";0,443;0;0,035;0,005
"condução";0;0,061;0,105;0,048
"atinente";0;0,159;0,001;0,141
"angariar";0;0;0,008;0,495
"analisado";0;0,003;0,035;0,08
"acusar";0,026;0,883;0;0
"típico";0,976;0,002;0,039;0,181
"telefônico";0;0,002;0,047;0,003
"rito";0,016;0;0,004;0
"ramo";0,051;0,309;0;0,398
"pontuar";0,003;0,889;0,013;0,263
"operação";0,713;0,143;0,772;0,03
"limpar";0;0,318;0;0
"limitação";0,055;0,174;0,004;0,05
"gonzaga";0,124;0,007;0,041;0
"feira";0;0,012;0;0
"enfoque";0,12;0,126;0,005;0
"detalhado";0,002;0,191;0,175;0,001
"confiabilidade";0;0;0,175;0,004
"colhido";0,023;0,167;0,004;0
"coerência";0;0,004;0,016;0,02
"coação";0,228;0,097;0,559;0,89
"autorização";0;0,219;0,009;0,179
"assentada";0,089;0,222;0,005;0,575
"aduzir";0,002;0,267;0,019;0,901
"admar";0,124;0,002;0,041;0
"vedação";0,253;0,328;0,006;0,006
"sério";0,35;0,005;0,364;0,002
"superar";0,002;0,145;0,117;0,63
"secretário";0;0,003;0;0,002
"rs";0;0;0,002;0
"refutar";0,976;0;0,005;0,092
"prestígio";0;0,81;0,005;0,042
"paradigma";0;0,003;0,016;0,003
"normatividade";0;0;0,896;0,009
"luciana";0;0,001;0,009;0
"limitar";0,209;0,144;0,015;0,523
"legitimar";0,696;0,017;0,024;0
"justificativo";0,026;0,81;0,888;0,042
"inicialmente";0,003;0,235;0,751;0,02
"honra";0,004;0,877;0,005;0
"havan";0,44;0,664;0,001;0,075
"existente";0,365;0,618;0,217;0,009
"estratégico";0,013;0;0,05;0,006
"embasar";0,535;0,097;0,156;0,796
"elucidar";0,054;0,75;0,469;0,079
"elegível";0;0,004;0;0,001
"desvalor";0;0;0,001;0
"desordem";0;0;0,001;0,002
"designar";0,187;0,003;0,196;0
"convencer";0,799;0;0,397;0,001
"constitucionalmente";0,725;0,921;0,001;0,001
"aplicado";0;0;0,016;0,119
"alerta";0;0;0,05;0,12
"afronta";0,066;0,006;0,05;0,009
"áudio";0,001;0,542;0;0,023
"área";0;0,128;0,039;0,481
"tutelar";0;0;0,001;0
"sequência";0,013;0;0,606;0,017
"seguida";0,086;0;0,384;0,01
"seara";0,003;0,005;0,007;0,033
"rocha";0,345;0,005;0;0,602
"proprietário";0,003;0,308;0,564;0,091
"pr";0,001;0,07;0,003;0
"paula";0,074;0,117;0;0,136
"parcial";0,405;0,031;0,238;0,816
"natural";0,388;0,831;0,297;0,817
"mobilizar";0;0;0,217;0
"massivo";0;0;0,006;0,981
"links";0,125;0;0,007;0,006
"interação";0;0;0,019;0,004
"implicação";0,803;0,529;0,021;0,014
"ilustre";0;0,13;0,03;0,204
"humberto";0,054;0,014;0,178;0,099
"guardar";0;0,002;0,056;0,01
"evidentemente";0,253;0,043;0,116;0,023
"destinatário";0,002;0,057;0,002;0,012
"despeito";0,001;0,612;0,027;0,331
"delinear";0;0,004;0,002;0,343
"cuidado";0;0,012;0,116;0,003
"comparecer";0;0,123;0;0,004
"antecipar";0,151;0,07;0,388;0,278
"alberto";0,001;0,081;0;0,006
"agravar";0,705;0,049;0,05;0,001
"afastado";0,799;0,01;0,044;0
"aceitação";0;0;0,008;0,007
"útil";0;0,037;0,007;0,138
"viés";0,861;0,328;0,019;0,343
"tramitação";0;0;0,05;0,001
"totalização";0,001;0;0,063;0,014
"tela";0,343;0,98;0,265;0,969
"sr";0,458;0,026;0;0,038
"semana";0;0,542;0;0,008
"saneamento";0;0,145;0,006;0,001
"refletir";0,086;0,706;0,004;0,261
"punir";0,001;0,015;0,94;0
"proporcional";0,002;0;0,002;0
"prol";0,103;0,044;0,101;0,233
"ocupar";0;0;0,116;0,232
"normativo";0,049;0;0,008;0
"napoleão";0,072;0;0,002;0
"mandatário";0,005;0,185;0,117;0,002
"lóssio";0,001;0;0,003;0
"inútil";0;0;0,071;0
"interessar";0,086;0,15;0;0,664
"infração";0,072;0,004;0,117;0
"implicar";0,082;0,006;0,063;0,009
"identificado";0,005;0,001;0,917;0,885
"golpe";0,001;0,743;0;0,007
"esquema";0,47;0,014;0,174;0,003
"entregar";0,001;0,264;0;0,003
"embargante";0;0,001;0,003;0,002
"contradição";0;0,011;0,003;0,232
"conexo";0;0,001;0,002;0,037
"ba";0,166;0,037;0,384;0,004
"argumentar";0,151;0;0,011;0,002
"andar";0;0,18;0;0,006
"ajuizar";0;0;0,056;0,296
"adulteração";0,001;0,024;0;0,001
"versar";0,002;0,342;0,292;0,157
"trabalhador";0,002;0,029;0;0,003
"tirar";0,001;0,906;0;0,004
"suspensão";0,876;0,045;0,009;0
"recair";0,005;0,07;0,978;0,232
"quarto";0,001;0,001;0;0,001
"propiciar";0,023;0,001;0,002;0,003
"pragmático";0;0;0,472;0
"paz";0;0,057;0;0
"ocorrido";0,086;0,128;0,09;0,065
"netto";0,202;0,013;0,008;0
"mão";0,001;0,005;0;0,069
"lição";0,04;0,005;0,056;0
"ids";0,701;0,743;0;0,001
"fixação";0;0,001;0,002;0,547
"extrapolar";0,473;0,083;0,13;0
"eis";0,016;0,812;0,292;0,157
"descrito";0,038;0,191;0,008;0,131
"credibilidade";0;0;0,145;0,032
"comício";0;0;0,027;0,331
"associar";0,7;0,074;0,636;0,065
"aptidão";0,338;0,342;0,002;0
"aprovação";0,28;0,417;0,001;0,337
"ampliar";0,038;0,235;0,145;0,032
"agro";0,019;0,936;0,04;0,452
"tô";0;0,011;0;0,001
"suficientemente";0,001;0,007;0,005;0,125
"sc";0,002;0,001;0,004;0
"rn";0;0;0,003;0
"relembrar";0,973;0,15;0,221;0,745
"proclamação";0,336;0,25;0,353;0,327
"preencher";0,358;0,206;0,039;0,115
"posse";0,007;0,606;0;0,059
"perder";0,228;0,612;0;0,179
"ordenamento";0,08;0,003;0,006;0
"operandi";0,017;0;0,006;0,015
"novembro";0,004;0,113;0;0,169
"movimentação";0,834;0,542;0,101;0,019
"modus";0,027;0;0,008;0,002
"margem";0,004;0,195;0,071;0,001
"ligado";0,239;0,032;0,248;0,896
"lewandowski";0,824;0,828;0,271;0,308
"interferir";0,008;0,096;0,58;0
"fundado";0;0,004;0,039;0,023
"extremamente";0,172;0,485;0,013;0,956
"externo";0,016;0,15;0;0,02
"excesso";0,071;0,755;0,03;0
"concernir";0,011;0,001;0,559;0,211
"censura";0,309;0,058;0,011;0,143
"avaliação";0,872;0,021;0,071;0
"aprovar";0,28;0,002;0;0,011
"adiante";0,338;0,024;0,145;0,961
"vii";0,794;0,317;0,044;0,602
"tendente";0,005;0,675;0,01;0
"rebeca";0,01;0,304;0,408;0,329
"re";0,037;0,003;0,017;0
"pronunciar";0;0,003;0,08;0,017
"projeto";0,011;0,001;0,017;0,003
"penalidade";0;0;0,002;0
"odebrecht";0;0,01;0,153;0,004
"milhar";0;0;0,05;0
"manutenção";0,203;0,174;0,187;0,115
"interpretar";0;0,285;0,034;0,051
"inteiro";0,177;0,652;0;0,013
"expediente";0,007;0,101;0,001;0,059
"encerramento";0,127;0,566;0,321;0,179
"deus";0,027;0,428;0;0,022
"criminoso";0,016;0;0,978;0,051
"chance";0;0,957;0,18;0
"capítulo";0,001;0,113;0,504;0,008
"apertar";0,001;0,012;0;0,005
"anuência";0,071;0;0,18;0
"alegadamente";0,148;0,967;0,278;0,532
"agosto";0;0;0,699;0,005
"suma";0,023;0,081;0,072;0,341
"substancialmente";0,013;0,009;0,003;0
"subsequente";0,537;0,003;0,08;0
"semelhante";0;0,174;0,426;0,023
"salomão";0;0,035;0,223;0,263
"resp";0,019;0,002;0,011;0
"pronto";0,151;0,128;0,656;0,007
"privilegiado";0,011;0,231;0,017;0
"postular";0;0,001;0,18;0,017
"postulado";0,163;0,04;0,098;0,036
"piramidal";0,331;0,479;0,497;0,245
"municipal";0;0,001;0;0,673
"menor";0,582;0,003;0,226;0,169
"medo";0,181;0,361;0;0,002
"manipular";0,001;0;0;0,001
"julho";0;0;0,951;0,015
"inclusão";0,001;0,013;0,426;0,728
"funcional";0;0,743;0,201;0
"extinção";0;0;0,005;0,08
"expressivo";0,309;0,008;0,034;0,745
"exclusão";0,191;0,25;0,001;0,002
"efetividade";0;0;0,003;0,013
"dinheiro";0,045;0,08;0,611;0,401
"detectar";0,364;0,148;0,275;0,135
"conformação";0,005;0,009;0,003;0
"conflito";0,103;0,814;0,013;0
"comportar";0,705;0,967;0,516;0,337
"compatível";0,098;0,159;0,353;0,017
"caminho";0,039;0,015;0,002;0,009
"basear";0,047;0,814;0;0,133
"andré";0,94;0,304;0,032;0,329
"velloso";0,973;0,001;0,036;0
"tramitar";0,226;0,001;0;0,023
"teste";0,001;0,005;0;0,001
"sujeitar";0,973;0,011;0,003;0
"seduc";0,022;0,003;0;0,006
"rua";0;0;0;0,004
"prover";0,309;0,001;0,011;0
"preparar";0;0,001;0;0,001
"positivo";0,07;0,008;0,127;0,532
"ouvido";0,294;0,397;0;0,007
"narrativo";0,752;0,008;0,978;0,02
"majoritário";0,989;0,019;0,005;0
"magnitude";0,007;0,542;0,004;0
"lindolfo";0,421;0,236;0,339;0,225
"ix";0,01;0,67;0,275;0,175
"instrutórios";0;0,001;0,005;0,001
"instruir";0,033;0,816;0,611;0,108
"indicativo";0,604;0,124;0,753;0,192
"imediatamente";0,037;0,044;0,001;0,004
"gonet";0,203;0,248;0,354;0,298
"genérico";0,002;0,18;0,18;0,481
"fruto";0,989;0;0,05;0,011
"foco";0,21;0;0,064;0,044
"favorecer";0,083;0;0,009;0,071
"explicitar";0,226;0,324;0,013;0,05
"enquadramento";0,058;0,368;0,004;0
"emprestar";0;0,004;0,388;0,002
"eficácia";0;0,263;0,064;0,115
"definição";0,646;0,534;0,015;0,037
"definitivo";0;0,007;0,056;0,037
"continuidade";0;0,889;0,248;0,009
"conotação";0,124;0,012;0,004;0,091
"característica";0,007;0;0,039;0,673
"caos";0,037;0;0,005;0,001
"aprimoramento";0,006;0;0,09;0,007
"antidemocrático";0,001;0;0,101;0,002
"súmula";0,089;0;0,004;0
"sorte";0,876;0,183;0,226;0,925
"salvo";0,725;0,417;0,275;0,027
"residir";0,107;0,265;0,005;0,053
"redação";0,047;0,542;0,004;0
"planalto";0;0;0,516;0,003
"perfeitamente";0,532;0,338;0,064;0,981
"orador";0,011;0,154;0;0,012
"mudança";0,358;0,044;0,37;0,059
"mpe";0,019;0,265;0,143;0,942
"motivar";0,107;0,016;0,143;0,004
"mateus";0;0,001;0;0,002
"localizar";0,04;0,102;0;0,141
"legislador";0,055;0;0,039;0
"justo";0;0,001;0,426;0,263
"irrelevante";0,103;0,216;0,933;0,564
"instalar";0,616;0,003;0,699;0,005
"incompatível";0,009;0,206;0,039;0,023
"félix";0,06;0,236;0,339;0,965
"flávia";0,167;0,185;0,285;0,404
"dezena";0,001;0,298;0;0,084
"decisum";0,003;0,002;0,005;0,009
"decidido";0;0,001;0,005;0,465
"convencimento";0,001;0,542;0,039;0,263
"confirmação";0,308;0,653;0;0,043
"condão";0;0,097;0,004;0,896
"cautelar";0,803;0,154;0,006;0
"belo";0,002;0,083;0,101;0
"atestar";0,07;0,002;0,831;0,175
"arquivo";0,15;0,209;0;0,007
"aplicável";0;0,012;0,017;0,634
"anexo";0,177;0,274;0,106;0,26
"afigurar";0,921;0,015;0,468;0,001
"abstrato";0;0;0,101;0,971
"universidade";0,002;0;0,16;0,401
"tre";0,239;0,097;0,766;0,001
"the";0,052;0;0,011;0,036
"suposição";0,058;0,001;0,666;0,075
"restrito";0,052;0,758;0,011;0
"proclamar";0,215;0,022;0,012;0,201
"privacidade";0,384;0,01;0,252;0,518
"prender";0;0,002;0;0,013
"pingo";0,004;0,967;0;0,001
"pertencer";0,055;0,032;0,024;0
"permanecer";0,294;0,043;0,016;0,002
"perfeito";0,151;0,184;0,001;0,823
"patrimonial";0,001;0,001;0,004;0
"nogueira";0;0,065;0;0,003
"máquina";0;0;0,825;0,819
"jacques";0,396;0,075;0,152;0,027
"inovação";0,646;0,81;0,004;0,004
"ignorar";0;0;0,05;0,308
"horizonte";0,009;0,015;0,044;0
"etapa";0,215;0,016;0,056;0,037
"emitir";0,148;0,465;0,017;0,175
"efetuar";0,723;0,408;0,678;0,392
"divergir";0;0,041;0,113;0,027
"determinante";0,058;0;0,004;0
"coordenado";0,009;0;0,004;0,027
"colega";0,023;0,003;0;0,001
"apreciar";0;0,015;0,015;0,069
"and";0,125;0;0,007;0,006
"alheio";0,202;0,397;0,724;0,847
"alexandre";0,364;0,43;0;0,004
"vereador";0,003;0,012;0;0,06
"substituir";0,011;0,417;0,005;0
"substancial";0,169;0,574;0,611;0,108
"sic";0,083;0,016;0;0,002
"rhc";0,004;0;0,005;0
"retomar";0,04;0,978;0,568;0,007
"recebimento";0,488;0,815;0,251;0,959
"preferencial";0;0,417;0,005;0
"polastro";0;0,002;0;0,003
"pertencente";0,009;0,207;0,957;0,132
"outrossim";0,096;0,096;0,008;0,02
"originário";0;0,113;0,032;0,026
"noticiado";0,616;0,816;0;0,015
"minimamente";0,202;0,001;0,028;0,007
"medeiros";0,255;0,093;0,176;0,086
"manifesto";0,011;0,113;0,017;0
"lastro";0;0,133;0,01;0,002
"lastrear";0,058;0,003;0,024;0,003
"jovem";0;0,264;0;0,001
"inquirição";0,363;0,242;0,7;0,011
"indivíduo";0;0,08;0,404;0,098
"história";0,001;0;0,105;0,013
"flávio";0,003;0,261;0;0,012
"expedição";0,44;0,001;0;0,126
"expectativa";0,004;0,059;0,275;0,027
"etc";0,753;0,758;0,174;0,226
"estabilizar";0;0,004;0,008;0,022
"eieitoral";0,973;0,006;0,01;0
"desvirtuamento";0,03;0,465;0,017;0
"desprovimento";0,011;0;0,005;0
"depreender";0,117;0,513;0,213;0,03
"delimitação";0;0,47;0,005;0,201
"delegado";0;0,001;0;0,001
"debater";0,055;0,007;0,022;0,006
"cruz";0,019;0,011;0,361;0,452
"convocação";0,004;0;0,504;0,071
"conversar";0,001;0,011;0;0,001
"contribuição";0,024;0,268;0,001;0,1
"complexo";0,897;0,104;0,306;0,381
"comando";0,085;0,399;0;0,013
"claramente";0,03;0,417;0;0,337
"circulação";0;0;0,005;0,573
"cidadania";0,004;0,059;0,005;0
"baseado";0,617;0,978;0,028;0,137
"azevedo";0,074;0,006;0,206;0,78
"anti";0,083;0,003;0,009;0,235
"agravante";0,001;0,869;0,16;0,015
"adulterado";0,004;0,619;0;0,002
"abster";0,227;0,019;0,015;0,135
"vício";0;0,011;0,024;0,018
"unidade";0,006;0,574;0;0,429
"tático";0,005;0;0,005;0,093
"suprir";0,002;0,348;0,633;0,006
"soberano";0,419;0,345;0,022;0,029
"senão";0,709;0,786;0,024;0,172
"rememorar";0,125;0,138;0,072;0,075
"reiteração";0,088;0,345;0,698;0,216
"recentemente";0,696;0,281;0,666;0,772
"realizado";0,003;0;0,739;0,019
"publicitário";0,38;0,011;0,021;0,666
"processar";0,019;0,001;0,003;0,093
"perguntar";0;0,011;0;0,001
"percepção";0,616;0;0,339;0,015
"pc";0,468;0,087;0,064;0,008
"pautar";0,015;0,702;0,028;0,301
"parcialidade";0;0,399;0,005;0,001
"link";0,019;0;0,079;0,007
"inviabilizar";0,019;0,022;0,019;0,053
"instauração";0,541;0,001;0;0,013
"incumbir";0,001;0,004;0,724;0,847
"incabível";0;0,003;0,006;0,666
"impulsionar";0,011;0,154;0,032;0,001
"governamental";0,001;0;0,019;0,053
"funcionar";0,003;0,58;0;0,055
"fragilidade";0;0,007;0,143;0,381
"figura";0,014;0;0,306;0,093
"externar";0,541;0;0,019;0,201
"exclusivo";0,38;0,001;0,021;0,701
"erro";0,103;0;0,951;0,005
"desempenho";0,541;0,265;0,005;0
"descartar";0,384;0,132;0,039;0,201
"demandar";0,317;0,154;0,021;0,014
"delação";0;0,002;0,119;0,003
"corresponder";0,899;0,304;0,951;0,212
"conjectura";0,016;0,296;0,196;0,711
"componente";0,103;0,338;0,021;0,004
"ciro";0,001;0,092;0;0,004
"averiguar";0;0,003;0,16;0,108
"automatizar";0,242;0,304;0;0,329
"assessoria";0,092;0,078;0,004;0,01
"arquivamento";0;0,001;0,666;0,006
"apreciado";0;0,001;0,005;0,037
"ap";0,009;0,001;0,415;0
"verbis";0;0,157;0,283;0,011
"trabalhista";0,191;0,617;0,78;0,515
"requisitar";0,002;0,348;0,351;0,001
"provável";0,048;0,08;0,019;0,071
"pesar";0;0,18;0,072;0,126
"pequeno";0,404;0,006;0,772;0,03
"obstar";0;0,001;0,105;0,195
"nantes";0,44;0,774;0,011;0,075
"marcar";0,042;0;0,253;0,67
"líder";0;0;0,002;0,005
"loureto";0,068;0,004;0;0,82
"limitado";0,054;0,815;0,049;0,959
"legalmente";0,993;0,001;0,007;0
"isolado";0,103;0;0,064;0,23
"interpor";0,952;0,002;0,053;0
"interessado";0,899;0,338;0,2;0,044
"inibir";0,009;0,151;0,022;0,027
"informativo";0,249;0;0,007;0,264
"gravar";0,012;0;0,173;0,019
"estimular";0,001;0;0,072;0,018
"envolvimento";0,91;0,702;0,05;0,022
"elevado";0,022;0,059;0,375;0,172
"detentor";0;0,154;0,611;0
"desnecessário";0,005;0,001;0,082;0,056
"desejar";0,103;0;0,339;0,044
"desafio";0,002;0;0,006;0,108
"desafiar";0,709;0,081;0,982;0,172
"consolidado";0,103;0,869;0,339;0,014
"arrolar";0,294;0,978;0;0,007
"afinal";0,141;0,386;0,992;0,013
"adotado";0,04;0,229;0,028;0,146
"abordagem";0,045;0,003;0,16;0,666
"vulnerabilidade";0,002;0,325;0;0,011
"volta";0,007;0,081;0;0,126
"urgência";0,294;0,004;0,201;0,539
"término";0;0,038;0,913;0,002
"transgressão";0,002;0,022;0,09;0
"transcrição";0,083;0,03;0,011;0,008
"temer";0,04;0,216;0,275;0,051
"seguidor";0;0;0,009;0,002
"revisão";0,594;0,071;0,51;0,501
"reprovável";0,019;0,109;0,011;0,001
"rememoro";0;0,003;0,007;0,172
"relacionar";0,504;0,027;0,778;0,071
"recomendar";0,696;0,032;0;0,264
"presidir";0,068;0,702;0,568;0,285
"posicionamento";0,202;0,662;0,028;0,285
"plenamente";0;0,18;0,072;0,126
"patente";0,582;0,183;0,093;0,447
"militar";0,002;0,18;0;0,001
"longe";0,249;0;0,18;0,264
"livremente";0,022;0;0,072;0,901
"intenso";0,001;0;0,666;0,126
"formado";0,042;0;0,506;0,084
"equipamento";0,002;0,669;0;0,013
"elaborar";0,876;0,183;0,108;0,008
"disparar";0,925;0;0,011;0,011
"desejo";0,012;0;0,843;0,002
"decorrência";0,44;0,059;0,024;0,341
"criticar";0,022;0,138;0,006;0,126
"coordenador";0;0,027;0;0,003
"converter";0,015;0,229;0,201;0,007
"consequente";0,183;0,01;0,015;0
"completamente";0,709;0,18;0;0,006
"bucchianeri";0,865;0,18;0,178;0,005
"assinar";0,064;0,653;0;0,003
"asserção";0;0,001;0,009;0,169
"assembleia";0,068;0;0,008;0,007
"aperibé";0,002;0,22;0;0,01
"apagado";0;0,007;0;0,003
"antonio";0,025;0,031;0,418;0,34
"ads";0,18;0;0,155;0,198
"acionar";0,083;0,01;0,011;0,002
"acaso";0,151;0,029;0,628;0,26
"abaixo";0,514;0,007;0,443;0,006
"êxito";0,15;0,001;0,201;0,539
"violência";0,009;0;0,201;0,022
"thereza";0;0,001;0,028;0,301
"surpresa";0;0,096;0,008;0,002
"rápido";0,064;0,029;0,628;0,5
"responsabilização";0,294;0,004;0,008;0
"raposo";0,177;0,274;0,106;0,26
"quantidade";0,188;0,758;0,283;0,442
"pugnar";0,001;0,001;0,255;0,169
"proveito";0,783;0,428;0,028;0,137
"protelatórias";0;0,001;0,008;0,002
"postura";0,973;0,006;0,253;0,084
"pleitear";0;0,325;0,283;0,036
"paraíba";0,003;0;0,015;0,424
"opção";0,015;0;0,851;0,39
"oposição";0,713;0,021;0,105;0,195
"operar";0,07;0,01;0,009;0,026
"ms";0,005;0,001;0,008;0,006
"lógico";0;0,397;0,082;0,146
"instabilidade";0,217;0,059;0,007;0,002
"ingresso";0;0,102;0,032;0,012
"inferir";0,04;0,038;0,201;0,285
"histórico";0,876;0,737;0,093;0,041
"faltar";0,973;0,298;0,442;0,084
"exceção";0,617;0,229;0,028;0,82
"exato";0,049;0,817;0,772;0,03
"enorme";0,019;0,758;0;0,011
"dificuldade";0,202;0,107;0,724;0,007
"diferentemente";0;0,001;0,108;0,026
"dezembro";0,291;0,027;0,049;0,5
"curto";0,015;0,006;0,253;0,38
"corrupção";0,151;0,386;0,317;0,115
"correto";0,085;0,758;0,383;0,003
"coronel";0,001;0,004;0;0,006
"congresso";0,001;0,702;0;0,061
"citação";0;0,033;0,015;0,3
"checagem";0;0;0,041;0,003
"aproveitar";0,753;0,109;0,558;0,442
"agenda";0,059;0,001;0,882;0,216
"advertência";0,04;0,229;0,028;0,146
"ad";0;0,045;0,009;0,026
"zona";0,458;0,466;0,001;0,119
"vínculo";0,013;0,43;0,153;0,564
"vitor";0,003;0,01;0;0,004
"verídico";0,052;0;0,283;0,036
"versiani";0;0,002;0,011;0
"sintetizar";0,664;0,021;0,01;0,657
"salutar";0,582;0;0,009;0,071
"rms";0;0,001;0,009;0
"respectivamente";0,079;0,148;0,355;0,208
"reprimir";0,102;0,817;0,036;0
"repressão";0,042;0,133;0;0,002
"record";0,007;0;0,047;0,043
"praticamente";0,217;0,143;0,085;0,084
"pontual";0,849;0,029;0,317;0,26
"ponderar";0,027;0,452;0,093;0,925
"plausibilidade";0,141;0,653;0,317;0,823
"pacífico";0,616;0,902;0,011;0,059
"liame";0;0,005;0,226;0,925
"imunidade";0,001;0,03;0,255;0,739
"herman";0,181;0,001;0,009;0
"expresso";0,188;0,58;0,119;0,577
"exibição";0,042;0;0,442;0,03
"execução";0,222;0,255;0,173;0,162
"espontâneo";0,345;0;0,226;0,026
"escrever";0,628;0,033;0;0,016
"empregar";0,005;0;0,036;0,657
"edição";0,001;0,059;0,01;0
"desfavorável";0,019;0;0,079;0,084
"desconhecer";0,162;0,75;0,601;0,02
"contratado";0,05;0,664;0,131;0,764
"continência";0;0,002;0,013;0,003
"cabimento";0,003;0,201;0,418;0,245
"benjamin";0,181;0,001;0,009;0
"automático";0,268;0,131;0,196;0
"artístico";0,015;0,143;0,01;0
"artificial";0,528;0;0,009;0,026
"arnaldo";0;0,002;0,011;0
"ar";0;0,081;0;0,002
"admitido";0,079;0,033;0,015;0
"óbvio";0,43;0,492;0,226;0,645
"veracidade";0,015;0,002;0,069;0,288
"totalmente";0,628;0,092;0;0,004
"terrorista";0,002;0,157;0;0,003
"sancionadora";0;0,001;0,01;0,39
"rol";0;0,012;0,061;0,158
"resumo";0,832;0,725;0,063;0,022
"ressalva";0,125;0,015;0,443;0,123
"respeitar";0,151;0,386;0,327;0,823
"reforço";0,188;0,58;0,7;0,226
"recursal";0;0,002;0,011;0,577
"rapidamente";0,006;0,001;0,02;0,011
"publicamente";0,009;0;0,539;0,01
"propagar";0,064;0;0,135;0,013
"potencialmente";0,079;0,148;0,153;0,086
"planilha";0,001;0,131;0;0,006
"oposto";0,103;0,148;0,355;0,016
"obtido";0,717;0,916;0,674;0,906
"nível";0,001;0,04;0;0,06
"molde";0,124;0,242;0,92;0,577
"martins";0,334;0,58;0,387;0,759
"listar";0,334;0,034;0,145;0,014
"investigatório";0,018;0,133;0,028;0,002
"inadmissível";0;0,075;0,152;0,091
"ilegítimo";0,064;0,029;0,013;0,042
"floriano";0,94;0,304;0,512;0,707
"excerto";0,026;0,04;0,017;0,062
"descabe";0,002;0,006;0,105;0,38
"dependência";0,012;0;0,739;0,345
"decretar";0;0,002;0,992;0,5
"corpo";0,003;0;0,872;0,046
"claudia";0,824;0,317;0,271;0,023
"chave";0,019;0;0,698;0,084
"acontecimento";0,004;0,909;0,069;0,185
"sustentação";0;0,817;0,028;0,038
"subsidiar";0,222;0,253;0;0,345
"solicitação";0,849;0,184;0;0,003
"sentimento";0;0;0,92;0,003
"sancionar";0,019;0,156;0,079;0
"restringir";0,073;0,111;0,025;0,019
"reduzir";0,052;0;0,011;0,442
"qualificação";0;0,065;0,041;0,744
"provedor";0,746;0,075;0,042;0,712
"prisão";0,183;0,01;0;0,016
"previsto";0,153;0,022;0,025;0,004
"pasta";0,009;0,466;0;0,038
"participante";0,121;0,007;0,778;0,185
"parcela";0,184;0;0,252;0,032
"paralelo";0,545;0;0,013;0,013
"pan";0,002;0,46;0;0,003
"orquestrar";0,717;0,058;0,053;0,564
"of";0,029;0;0,015;0,3
"obscuridade";0;0,023;0,011;0,011
"noronha";0,002;0,002;0,047;0
"motivação";0,085;0,109;0,558;0,003
"mentiroso";0,001;0,027;0,004;0,185
"materializar";0,052;0,902;0,011;0
"ligar";0,697;0,595;0,005;0,115
"legalidade";0,183;0,43;0;0,3
"inédito";0,849;0;0,047;0,003
"insistir";0,052;0,014;0,7;0,442
"incutir";0,002;0;0,011;0,036
"incerteza";0;0;0,558;0,908
"governança";0,002;0;0,041;0,011
"entrega";0,284;0,218;0,193;0,279
"entendido";0,291;0,008;0,047;0,001
"empírico";0,47;0,902;0,041;0,006
"distribuir";0,014;0;0,753;0,398
"disciplina";0;0,027;0,013;0,26
"desviar";0;0,902;0,174;0,006
"descobrir";0;0,023;0,383;0,003
"crença";0,006;0;0,119;0,442
"concordar";0,381;0,75;0,601;0,079
"combater";0,183;0,148;0,275;0,3
"cnn";0,545;0,009;0,628;0,013
"cabo";0,47;0,758;0,065;0,226
"básico";0,007;0,192;0,047;0,001
"botar";0,001;0,002;0;0,004
"arrecadação";0,225;0,817;0,24;0,629
"aproximadamente";0,024;0,01;0,007;0,008
"amplitude";0;0,43;0,015;0,3
"aime";0;0,002;0,013;0,043
"aferido";0,616;0,065;0,011;0
"acessível";0,023;0;0,317;0,013
"volume";0,059;0,893;0,96;0,032
"travar";0,023;0;0,628;0,115
"tranquilidade";0,308;0,077;0;0,013
"terminar";0,588;0,058;0;0,027
"senador";0,001;0,414;0;0,006
"respaldo";0,171;0,04;0,226;0,634
"reexame";0,002;0,008;0,013;0,115
"qualificado";0,151;0,991;0,613;0,042
"punição";0,151;0,653;0,135;0,001
"prejudicado";0,072;0,003;0,739;0,162
"porventura";0,001;0,131;0;0,185
"perquirir";0,007;0,184;0,013;0,498
"peculiaridade";0,059;0,402;0,025;0,395
"organizado";0,007;0;0,327;0,013
"moldura";0,007;0,077;0,317;0,823
"midiática";0,009;0,058;0,015;0,002
"luis";0,044;0,04;0,568;0,549
"litisconsorte";0;0,027;0,013;0,115
"júnior";0,468;0,954;0,064;0,401
"investir";0,007;0,386;0,047;0
"invasor";0;0,077;0;0,043
"insinuar";0,002;0,991;0;0,013
"incluído";0;0,156;0,022;0,216
"impugnação";0;0,003;0,017;0,158
"impender";0;0,11;0,061;0,345
"gravoso";0,545;0,002;0,135;0
"formal";0,021;0,184;0,135;0,821
"ferir";0,023;0,002;0,047;0,26
"falha";0,079;0,148;0,009;0,051
"fakhoury";0,421;0,236;0,106;0,26
"extrapolação";0;0,01;0,015;0,3
"estruturado";0,121;0,002;0,019;0,559
"essência";0,717;0,092;0,053;0,002
"epistêmica";0,001;0;0,053;0,004
"entornar";0;0,027;0,135;0,003
"distrito";0,064;0,669;0,317;0,013
"descrição";0,007;0,374;0,317;0,26
"decretação";0,125;0,015;0,019;0,003
"cpi";0,002;0,026;0;0,01
"conclusivo";0,004;0,004;0,069;0,123
"compromisso";0,717;0,058;0,933;0,016
"caracterizado";0,308;0,653;0,013;0
"bicentenário";0,001;0;0,022;0,027
"associado";0,133;0,068;0,235;0,401
"amoldar";0,064;0,386;0,013;0,001
"albergar";0,225;0,024;0,028;0,32
"vítima";0,098;0;0,739;0,06
"viver";0,003;0;0,933;0,135
"terceirizada";0,001;0,048;0;0,006
"tarefa";0;0,562;0,196;0,022
"suspender";0;0,296;0,019;0,022
"suscitar";0;0,092;0,053;0,051
"supedâneo";0,059;0,005;0,025;0,004
"subscrever";0,927;0,004;0;0,084
"sistemático";0,04;0,581;0,015;0,564
"sergio";0,079;0,033;0,015;0
"rousseff";0,321;0,058;0;0,007
"rigoroso";0,832;0,131;0,443;0,044
"remessa";0,23;0,012;0,108;0,855
"recente";0,183;0,216;0,153;0
"psl";0,334;0,008;0,783;0,055
"provado";0;0,033;0,015;0,733
"prosseguimento";0;0,014;0,049;0,606
"proporcionalidade";0,952;0,01;0,015;0
"proibição";0,149;0,151;0,222;0,229
"prevalecer";0,183;0,43;0,557;0,086
"preferência";0,003;0;0,153;0,906
"pinto";0,7;0,948;0,176;0,086
"perfazer";0,003;0,033;0,153;0
"pereira";0,723;0,695;0,074;0,1
"pe";0,133;0,022;0,064;0
"patrício";0,001;0,917;0,032;0,141
"originariamente";0;0,002;0,015;0,004
"oponente";0,72;0,001;0,022;0,084
"nexo";0,854;0,149;0,042;0,002
"nefasto";0,079;0;0,015;0,135
"mundial";0,007;0;0,96;0,1
"montagem";0,074;0,006;0,497;0,136
"mensuração";0,001;0,002;0,015;0
"manuela";0,073;0;0,025;0,883
"manhã";0,04;0,053;0,002;0,012
"maciço";0,033;0,664;0,485;0,001
"litigância";0;0,012;0,017;0,005
"linguagem";0,007;0;0,618;0,008
"intermédio";0,047;0;0,443;0,396
"instrutória";0;0,11;0,061;0,019
"ilegalidade";0,045;0,124;0,037;0,192
"harmonia";0,013;0,092;0,153;0,733
"fl";0,149;0,056;0,011;0,007
"fenomênico";0;0,002;0,053;0,004
"fazê";0,72;0,012;0,173;0
"esperança";0,187;0,154;0,323;0,046
"escrita";0,047;0,725;0,196;0,003
"despacho";0,031;0,004;0;0,007
"datar";0,133;0,068;0,033;0,029
"cédula";0,003;0,001;0,014;0,012
"custear";0,019;0;0,079;0,216
"culpabilidade";0,003;0,236;0,339;0,26
"consolidação";0,04;0,148;0,153;0,016
"consciente";0,003;0;0,153;0,424
"consagrar";0,349;0,012;0,061;0,001
"concorrente";0,073;0,111;0,025;0,019
"combate";0,009;0,581;0,275;0,208
"classificação";0,001;0,253;0;0,005
"cessar";0,033;0,084;0,131;0,055
"cadeia";0,121;0,199;0,004;0,022
"boulos";0,854;0,012;0;0,066
"barbosa";0,396;0,308;0,256;0,363
"assessor";0,003;0,124;0;0,014
"anteceder";0;0,216;0,674;0,004
"ac";0,001;0,012;0,061;0
"vaz";0,18;0,865;0,108;0,855
"tribuna";0,125;0,414;0,196;0,185
"situar";0,008;0,492;0,396;0,158
"setor";0,003;0,58;0;0,014
"revolução";0,007;0;0,204;0,279
"redator";0,073;0,022;0,025;0
"protocolar";0,514;0,048;0;0,006
"projeção";0,222;0,012;0,061;0,645
"produto";0,115;0;0,032;0,141
"probante";0,003;0,022;0,421;0,115
"probabilidade";0;0,004;0,882;0,454
"previamente";0,088;0,056;0,022;0,084
"ponderação";0,942;0,003;0,017;0
"pet";0,458;0,085;0,612;0,002
"peso";0,274;0,048;0,019;0,003
"permanente";0,037;0;0,017;0,06
"optar";0,419;0,017;0,022;0,216
"opositor";0,177;0,274;0,106;0,26
"ocasionar";0,942;0,04;0,061;0
"nulo";0,004;0,149;0;0,017
"negócio";0,005;0,629;0;0,027
"mário";0,284;0,018;0;0,024
"moreira";0,274;0,162;0,361;0,001
"melar";0,131;0,759;0;0,208
"juazeiro";0,003;0,008;0;0,252
"intrusivo";0,001;0;0,396;0,005
"indisponível";0,098;0,003;0,017;0
"indiciária";0,044;0,04;0,098;0,154
"indevidamente";0,051;0,002;0,366;0,759
"incumbente";0,001;0;0,079;0,229
"imperioso";0;0,015;0,069;0,915
"homem";0,184;0,893;0;0,032
"fragmento";0,098;0,012;0,173;0,645
"extraio";0,899;0,032;0,323;0,001
"estender";0,942;0,255;0,739;0,345
"emergir";0,133;0,068;0,064;0,149
"embargado";0,017;0,022;0,235;0,401
"emanar";0,019;0,004;0,079;0
"dotar";0,047;0,725;0,019;0
"dilação";0;0,04;0,017;0,019
"desmentir";0,024;0;0,09;0,008
"desincumbir";0;0,005;0,025;0,1
"dedicar";0,005;0,004;0,011;0,027
"decadencial";0;0,003;0,017;0,634
"danoso";0,005;0,629;0,079;0
"contínuo";0,222;0;0,739;0,019
"contundente";0,037;0,818;0,396;0,001
"contextualizar";0,504;0,725;0,019;0,013
"contemporâneo";0,048;0,048;0,069;0,123
"conquista";0,001;0,018;0;0,084
"congruência";0;0,003;0,017;0,005
"confiar";0,003;0;0,135;0,014
"condutor";0,274;0,909;0,069;0,559
"cometer";0,037;0,11;0,487;0,001
"autêntico";0,003;0;0,061;0,158
"atendimento";0,865;0,014;0;0,536
"assis";0;0,003;0,017;0,634
"assertiva";0,125;0,414;0,808;0,022
"administrador";0,002;0;0,618;0,518
"aderência";0;0,492;0,061;0,06
"véspera";0,001;0;0,808;0,022
"válido";0,268;0,414;0,443;0,288
"viana";0,005;0,014;0;0,02
"troca";0,001;0,056;0,494;0,029
"tradução";0,001;0;0,046;0,027
"tocar";0,981;0,124;0,041;0,759
"suprimir";0,224;0,154;0,178;0,279
"sites";0,001;0;0,019;0,071
"sindicato";0,002;0;0,025;0,064
"silveira";0,002;0,005;0,025;0
"show";0,024;0;0,09;0,252
"sancionadoras";0;0,015;0,019;0,559
"ré";0;0,087;0,235;0,331
"redução";0,003;0;0,032;0,012
"psess";0,018;0,012;0,042;0
"propriedade";0,706;0,383;0,641;0,951
"processamento";0;0,015;0,019;0,022
"potencializar";0,001;0;0,022;0,216
"pluralismo";0,001;0,08;0,019;0
"oficialmente";0,112;0,142;0,459;0,648
"obrigatório";0,048;0,015;0,196;0,123
"movimento";0,059;0;0,079;0,027
"modificar";0;0,562;0,196;0,022
"jogar";0,503;0,22;0,001;0,01
"inviável";0,048;0,296;0,196;0,915
"inviabilidade";0,002;0,156;0,079;0,794
"intimidade";0,585;0,218;0,056;0
"interlocutor";0,542;0,014;0,872;0,046
"instrutório";0;0,345;0,222;0,007
"inequivocamente";0,059;0,725;0,025;0,725
"indiciários";0;0,014;0,049;0,079
"inconstitucional";0,009;0,466;0,022;0,132
"inautêntico";0,003;0;0,032;0,141
"inauditável";0,001;0,131;0;0,006
"iminente";0,007;0;0,252;0,032
"ideologia";0,003;0,154;0,118;0,001
"guarda";0,284;0,926;0,056;0,501
"gravemente";0,059;0;0,022;0,82
"geromel";0,003;0,008;0;0,095
"foto";0,051;0;0,678;0,035
"fluxo";0,981;0,008;0,135;0,167
"fixo";0,153;0,402;0,09;0,395
"finalmente";0,334;0,039;0,001;0,818
"federação";0,073;0,038;0,96;0,883
"experiência";0,254;0,024;0,285;0,01
"equivalente";0,146;0,774;0,001;0,075
"enfrentamento";0,927;0,001;0,022;0,216
"dono";0,251;0,093;0;0,444
"domínio";0;0,048;0,778;0,022
"dividendo";0,002;0;0,025;0,252
"detalhe";0,588;0,156;0;0,007
"desempenhar";0,009;0,156;0,698;0,084
"defensivo";0;0,909;0,069;0,022
"culpa";0,785;0,963;0,106;0,26
"controvertido";0;0,156;0,222;0,216
"continental";0,001;0;0,022;0,027
"concepção";0,004;0,007;0,443;0,288
"competição";0,047;0,048;0,019;0
"coligir";0,001;0,005;0,09;0,395
"cerimonial";0,001;0;0,144;0,007
"cair";0,007;0,402;0;0,1
"banco";0,011;0,151;0,02;0,392
"avançar";0,059;0,185;0,032;0,008
"autonomia";0,001;0;0,019;0,044
"anormal";0,146;0,664;0,131;0,001
"afetado";0,047;0,131;0,069;0
"advertir";0,832;0,08;0,443;0,185
"admissão";0;0,004;0,019;0,006
"adesão";0,001;0;0,808;0,185
"abril";0,001;0,345;0;0,084
"viii";0,187;0,154;0,323;0,046
"validade";0,001;0,005;0,025;0,177
"sólido";0,045;0,58;0,037;0,398
"sucesso";0,005;0;0,222;0,454
"sti";0,002;0,026;0;0,01
"sobrevir";0,488;0,048;0,049;0,606
"soares";0,003;0,261;0,19;0,001
"reputar";0;0,026;0,028;0,978
"red";0,419;0,004;0,022;0
"recebido";0,981;0,01;0,783;0,017
"rebater";0,009;0;0,957;0,038
"protagonista";0,419;0,64;0,022;0,091
"prevalência";0,321;0,994;0,079;0,008
"preponderante";0,003;0,18;0,049;0,959
"ponderado";0,019;0,004;0,022;0
"plateia";0,019;0;0,494;0,007
"pi";0,005;0,004;0,022;0
"opinar";0,208;0,345;0,698;0,454
"objetivamente";0,61;0,893;0,55;0,883
"mormente";0,842;0,207;0,028;0,629
"mitigar";0,419;0,64;0,022;0,091
"mercado";0,011;0,001;0,271;0,693
"marino";0,928;0,774;0,082;0,075
"loja";0,074;0,479;0;0,136
"lesão";0,169;0,695;0,678;0,023
"lesivo";0,001;0,004;0,022;0
"lavra";0;0,007;0,103;0,294
"jingle";0,011;0;0,032;0,012
"inocorrência";0;0,007;0,028;0,978
"indefiro";0;0,004;0,022;0,027
"imprescindibilidade";0;0,018;0,022;0,084
"implementar";0,059;0,056;0,144;0,216
"imparcialidade";0,088;0,994;0,079;0,794
"ilustrar";0,002;0,038;0,007;0,252
"generalizado";0,928;0,014;0,131;0,298
"fácil";0,225;0;0,957;0,01
"formulação";0;0,156;0,222;0,084
"fiscalização";0,115;0,154;0,118;0,095
"família";0,002;0;0,111;0,032
"fabricar";0,001;0;0,882;0,007
"extinguir";0;0,004;0,022;0,007
"extemporâneo";0,007;0,893;0,025;0
"estabelecido";0,588;0,018;0,022;0
"especulação";0,723;0,154;0,872;0,046
"equivaler";0,275;0,154;0,059;0,046
"empreender";0,031;0,629;0,022;0,454
"dolo";0,94;0,304;0,032;0,329
"divergente";0;0,005;0,252;0,032
"devasso";0,002;0,479;0,206;0,136
"descumprimento";0,131;0,124;0,037;0,066
"denunciar";0,031;0,817;0;0,119
"deliberado";0,002;0;0,09;0,252
"crivo";0;0,032;0,118;0,012
"corrente";0,184;0,893;0,618;0,395
"correlato";0,002;0,004;0,355;0,216
"controverter";0;0,018;0,222;0,027
"contraponto";0,001;0;0,222;0,084
"contestar";0,321;0;0,222;0,084
"concretizar";0,011;0,001;0,678;0,817
"comprometido";0,001;0,345;0,079;0
"cometimento";0,23;0,149;0,155;0,141
"científico";0,019;0;0,022;0,216
"categórico";0,96;0,07;0,09;0,001
"bolha";0,002;0;0,025;0,1
"aumentar";0,003;0;0,135;0,014
"ater";0,007;0;0,252;0,883
"associação";0,002;0;0,285;0,01
"aparato";0,031;0;0,103;0,01
"anotação";0,019;0,07;0,111;0,032
"amanhã";0,007;0,07;0;0,008
"alusivo";0,321;0,156;0,494;0,002
"alimentar";0,024;0,002;0,295;0,1
"alertar";0,024;0,111;0,111;0,518
"aceito";0,184;0,402;0,111;0,395
"óbice";0;0,022;0,09;0,883
"ético";0,153;0,07;0,025;0,019
"vertente";0,503;0,79;0,285;0,978
"transformação";0,002;0;0,025;0,518
"trago";0,005;0,022;0,55;0,883
"tom";0,024;0;0,55;0,1
"tipificação";0,184;0,402;0,96;0,019
"tabela";0,225;0;0,957;0,01
"sindical";0,039;0;0,064;0,712
"sepúlveda";0,007;0,005;0,025;0
"retratar";0,334;0,622;0,753;0,066
"respel";0,458;0,007;0,028;0
"respeitado";0,18;0,479;0,027;0,198
"repórter";0,009;0;0,889;0,115
"remover";0,011;0;0,074;0,035
"pátria";0,011;0,917;0;0,67
"programação";0,024;0,268;0,007;0,252
"precisamente";0,184;0,111;0,025;0,064
"possivelmente";0,007;0,725;0,001;0,725
"performance";0,009;0;0,285;0,038
"percentual";0,003;0,039;0;0,398
"pa";0,073;0,005;0,09;0
"orgânico";0,104;0;0,056;0,095
"ofender";0,115;0,261;0,118;0
"observador";0,002;0,22;0;0,01
"obrigação";0;0,032;0,032;0,922
"objetivar";0,344;0,954;0,421;0,814
"modificativo";0;0,022;0,025;0,032
"menezes";0,009;0,022;0,142;0
"liderança";0,024;0,01;0,007;0,008
"junior";0,718;0,049;0,113;0,002
"jairo";0,003;0,309;0,366;0
"insuficiente";0,014;0,18;0,049;0,606
"informatizado";0,002;0,535;0;0,008
"implícito";0,384;0,535;0,618;0,883
"imaginário";0,002;0;0,082;0,01
"giuseppe";0,005;0,014;0;0,02
"gastar";0,064;0,713;0;0,066
"fundar";0,153;0,022;0,025;0,004
"faculdade";0,001;0,005;0,295;0,1
"facilmente";0,184;0;0,252;0,032
"expedir";0,073;0,01;0,111;0,032
"emenda";0,187;0,032;0,19;0,67
"eliminar";0,332;0,111;0,96;0,008
"dicção";0;0,005;0,09;0,252
"desvirtuar";0,024;0;0,025;0,395
"desenvolvido";0,254;0,466;0,612;0,978
"demarcar";0;0,725;0,025;0,008
"delicado";0,007;0,725;0,09;0
"decisivo";0,153;0,725;0,252;0,883
"convincente";0,019;0,032;0,312;0,572
"conveniência";0,006;0,539;0,679;0,046
"contratante";0,05;0,774;0,485;0,075
"consolidar";0,073;0,01;0,252;0,725
"comunicacional";0,002;0;0,55;0,883
"complexidade";0,332;0,893;0,96;0,252
"comercial";0,274;0,001;0,361;0,202
"cliente";0,001;0,185;0,285;0,208
"categoricamente";0,007;0,071;0;0,024
"carta";0,384;0,725;0,111;0,883
"battisti";0,005;0,058;0;0,02
"atentado";0,024;0,268;0,001;0,1
"assemelhar";0,638;0,11;0,037;0,443
"apreço";0,115;0,032;0,323;0
"aporte";0,073;0,022;0,09;0
"aparente";0,899;0,014;0,032;0,67
"anulação";0,746;0,865;0,042;0,043
"antigo";0,115;0;0,323;0,141
"altura";0,503;0,79;0,24;0,038
"acessado";0,033;0,014;0,082;0,075
"ávila";0,405;0,075;0,042;0,357
"trocar";0,225;0,79;0;0,01
"tido";0,037;0,007;0,103;0,044
"tempestivo";0,011;0,007;0,028;0,044
"tecer";0;0,261;0,323;0,046
"standard";0;0,007;0,028;0,629
"solucionar";0;0,007;0,285;0,01
"solicitado";0;0,018;0,204;0,024
"sentença";0;0,008;0,032;0,534
"repetição";0,489;0,479;0,833;0,198
"renovar";0,012;0,124;0,135;0,818
"regulação";0,215;0;0,085;0,167
"reação";0,04;0,001;0,19;0,012
"razoabilidade";0,503;0,085;0,612;0,132
"pôr";0,899;0,261;0,872;0,252
"propício";0,107;0,024;0,103;0,01
"prontamente";0,031;0;0,285;0,038
"projetar";0,144;0,002;0,366;0,398
"porta";0,638;0,11;0,145;0,014
"plausível";0,402;0,154;0,872;0,012
"petrobras";0,51;0,878;0,769;0,545
"pegar";0,004;0,012;0;0,017
"ordenar";0,022;0,539;0,323;0,343
"nobre";0,867;0,068;0,6;0,115
"monólogo";0,014;0;0,145;0,014
"mente";0,503;0,207;0,957;0,038
"melhoria";0,003;0;0,872;0,046
"lxxviii";0;0,01;0,037;0,167
"janino";0,005;0,014;0;0,02
"isonômico";0,115;0,685;0,032;0,001
"inaugural";0;0,007;0,028;0,038
"global";0,786;0;0,285;0,01
"gestor";0,009;0,22;0,001;0,32
"fórum";0,002;0,466;0,028;0
"farsa";0,003;0,539;0;0,012
"falsidade";0,981;0,282;0,037;0,443
"factual";0,002;0;0,957;0,01
"endereço";0,074;0,31;0,009;0,136
"eficiência";0,022;0,878;0,206;0,136
"dificultar";0,981;0;0,037;0,055
"diferenciar";0,107;0,106;0,056;0,095
"descrédito";0,225;0;0,028;0,59
"descontextualizadas";0,002;0;0,285;0,629
"custeio";0,082;0,048;0,469;0,606
"cronológico";0,458;0,024;0,957;0,119
"correr";0,225;0,445;0,001;0,01
"contábil";0,117;0,075;0,564;0,515
"contrariar";0,746;0,865;0,155;0,141
"contrapor";0,092;0,006;0,285;0,978
"consumação";0;0,007;0,028;0,01
"conflitante";0;0,008;0,032;0,046
"competidor";0,002;0,078;0,028;0
"comemoração";0,004;0;0,042;0,198
"coibir";0,031;0,085;0,028;0
"cautela";0,503;0,445;0,957;0,119
"caputo";0,009;0,817;0,028;0
"bastos";0,009;0,817;0,028;0
"basicamente";0,405;0,366;0;0,066
"apontamento";0,131;0,282;0,366;0,055
"adquirir";0,521;0,003;0,766;0,042
"acréscimo";0;0,026;0,028;0,978
"achado";0,224;0,154;0,017;0,02
"absurdo";0,009;0,001;0,022;0,01
"abrangente";0,503;0,817;0,028;0,132
"viabilidade";0,045;0,039;0,387;0,398
"unir";0,064;0,02;0,155;0,357
"ultrapassar";0,899;0,154;0,872;0,141
"transferir";0,003;0,685;0;0,012
"suspenso";0;0,087;0,064;0,712
"substantivo";0,275;0,008;0,032;0
"slide";0,009;0,087;0;0,029
"sistêmico";0,04;0;0,032;0,67
"significado";0,04;0,154;0,872;0,534
"sala";0,007;0,218;0;0,024
"roger";0,004;0;0,042;0,462
"rodrigo";0,005;0,058;0,92;0
"reverberar";0,003;0,003;0,118;0,095
"reputado";0,072;0,102;0,679;0,922
"punível";0,144;0,124;0,037;0
"propriamente";0,064;0;0,833;0,066
"proporção";0,051;0;0,037;0,055
"permear";0,04;0;0,032;0,67
"operador";0,203;0,664;0,354;0,075
"nancy";0,003;0,102;0,032;0
"morar";0,746;0,366;0;0,017
"metodologia";0,022;0,36;0,118;0,046
"marcha";0;0,917;0,032;0,046
"luís";0,006;0,366;0,155;0,462
"ligação";0,439;0,181;0,903;0,672
"itamaraty";0,009;0;0,142;0,029
"introduzido";0,275;0,008;0,032;0
"indiscriminado";0,003;0,236;0,339;0,26
"impedimento";0,187;0,261;0,032;0,095
"imaginar";0,04;0,032;0;0,012
"guiar";0;0,261;0,032;0,046
"frisar";0,022;0,685;0,323;0,046
"frase";0,003;0,034;0;0,014
"fotografia";0,405;0,713;0,005;0,198
"forjar";0,011;0;0,323;0,012
"fls";0,014;0,815;0,469;0,079
"faixa";0,015;0,306;0,065;0,934
"esconder";0,011;0,408;0;0,035
"escala";0,003;0;0,366;0,055
"equivocar";0,072;0,917;0,872;0,046
"ensejo";0,012;0,282;0,135;0,014
"doutrinário";0,115;0,008;0,032;0
"documentário";0,104;0;0,204;0,024
"distorção";0,011;0;0,032;0,141
"diplomata";0,011;0;0,679;0,012
"desviante";0,011;0,917;0,032;0
"desnecessidade";0;0,039;0,135;0,167
"demandado";0,072;0,102;0,032;0,095
"deliberação";0,045;0,039;0,387;0,398
"cívico";0,007;0;0,056;0,024
"célere";0,006;0,865;0,155;0,066
"cristina";0,06;0,236;0,339;0,965
"cotejo";0,723;0,685;0,118;0,534
"costa";0,521;0,382;0,259;0,572
"corrigir";0,144;0,282;0,008;0,055
"cooperação";0,072;0,917;0,323;0,343
"conversão";0,723;0,408;0,337;0,035
"constrangimento";0,697;0,954;0,421;0,712
"consequentemente";0;0,032;0,032;0,922
"comunicativo";0,003;0,008;0,032;0
"comparativo";0,723;0,539;0,059;0,141
"circular";0,003;0;0,783;0,014
"cabeça";0,003;0,039;0;0,055
"cabal";0,899;0,917;0,461;0,67
"banimento";0,676;0,185;0,017;0,208
"alterado";0,115;0,36;0;0,012
"al";0,04;0,36;0,118;0,007
"acolhido";0;0,008;0,118;0,046
"abarcar";0,23;0,213;0,042;0,462
"waters";0,004;0;0,042;0,462
"vigilância";0,051;0;0,135;0,055
"veemente";0,043;0,617;0,152;0,003
"valorar";0;0,039;0,135;0,167
"utilidade";0;0,124;0,135;0,014
"série";0,104;0,295;0,01;0,095
"suceder";0;0,622;0,037;0,055
"sensível";0,18;0,713;0,692;0,141
"saúde";0,004;0;0,692;0,066
"sabido";0,012;0,039;0,037;0,192
"respeitoso";0,003;0,809;0,085;0,167
"repúdio";0,003;0;0,037;0,055
"replicar";0,697;0;0,064;0,115
"religioso";0,014;0,58;0,037;0
"reiteradamente";0,144;0;0,753;0,055
"recorrível";0;0,01;0,037;0,014
"racionalidade";0;0,01;0,037;0,014
"prosperar";0;0,149;0,042;0,017
"propina";0,579;0,132;0,011;0,167
"privativo";0,144;0,282;0,366;0,192
"poderio";0,003;0,039;0,037;0
"pessoalmente";0,051;0,008;0,387;0,167
"personalidade";0,003;0,034;0,041;0,398
"oscar";0,131;0,083;0,936;0,832
"ofertar";0,132;0,317;0,785;0,392
"obrigatoriedade";0;0,018;0,056;0,279
"obedecer";0,003;0,309;0,037;0
"naturalmente";0,746;0,004;0,414;0,066
"míngua";0;0,039;0,037;0,759
"mote";0,224;0;0,049;0,02
"mirar";0,014;0;0,135;0,014
"minucioso";0,18;0,366;0,108;0,357
"midiático";0,014;0,58;0,037;0
"litigante";0;0,01;0,037;0,055
"levantar";0,224;0,815;0;0,02
"legitimado";0;0,012;0,042;0,462
"juridicamente";0,638;0,976;0,037;0,017
"invalidação";0,131;0,01;0,366;0,066
"intérprete";0,014;0,282;0,753;0,066
"instituir";0,334;0,309;0,366;0,004
"insegurança";0,003;0,309;0,037;0,759
"inconformismo";0;0,124;0,037;0,014
"inacessível";0,003;0,034;0,037;0,004
"impropriedade";0,312;0,201;0,972;0,803
"governante";0,004;0;0,042;0,357
"fulminar";0;0,01;0,037;0,055
"felipe";0,003;0,058;0,469;0,536
"favorecimento";0,014;0;0,037;0,443
"exercitar";0,638;0;0,135;0,055
"executar";0,003;0;0,037;0,014
"estranho";0,003;0,58;0,037;0,055
"escopo";0,981;0,58;0,037;0,192
"errado";0,003;0,008;0,008;0,055
"dissociar";0,867;0,954;0,235;0,401
"desconformidade";0,031;0,018;0,056;0
"depoente";0,005;0,431;0;0,02
"correção";0,003;0,01;0,387;0,167
"correspondente";0,132;0,107;0,337;0,392
"controlar";0,007;0,001;0,204;0,501
"conselho";0,169;0,041;0,1;0,035
"conluio";0,169;0,008;0,785;0,138
"concorrer";0,604;0,976;0,366;0,818
"coeso";0,594;0,071;0,204;0,015
"cadeira";0,004;0,149;0;0,462
"autopromoção";0,005;0,011;0,003;0,02
"atitude";0,064;0,075;0,108;0,198
"asepa";0,001;0,061;0,131;0,764
"argumentação";0,144;0,008;0,753;0,398
"aparência";0,031;0;0,204;0,619
"apagar";0,011;0,107;0;0,035
"anonimato";0,23;0,713;0,042;0,357
"andrighi";0,003;0,01;0,037;0
"andrade";0,146;0,061;0;0,075
"amplificar";0,003;0;0,037;0,014
"amparo";0,638;0,58;0,753;0,818
"americano";0,051;0;0,753;0,014
"aliado";0,865;0,002;0,469;0,02
"vulnerável";0,005;0,431;0;0,02
"*dec_509190";0;0,799;0;0
"*rel_Jorge";0,978;0,013;0;0
"*dec_304322";0,001;0,965;0;0
"*dec_3232531";0,037;0,604;0;0,018
"*rel_Og";0;0,103;0;0,344
"*rel_Edson";0;0;0;0
"*dec_2975030";0,001;0;0,001;0,299
"*ano_2020";0;0;0;0
"*ano_2021";0;0;0;0,001
"*ano_2022";0;0;0;0
"*ano_2023";0;0;0;0,044
"*dec_2673321";0;0,001;0;0
"*dec_2673006";0;0,001;0;0
"*rel_Benedito";0;0;0;0
"*dec_3271816";0;0,001;0;0
"*dec_513575";0,058;0,016;0;0
"*dec_3238332";0,239;0;0;0,107
"*dec_2955969";0,002;0;0,007;0,476
"*dec_2964273";0;0;0;0,017
"*rel_Alexandre";0,467;0;0;0,162
"*dec_1396358";0,012;0,002;0,001;0,001
"*dec_1180579";0;0;0,029;0
"*dec_3290788";0,986;0;0;0,212
"*dec_3265892";0;0;0;0
"*dec_513600";0;0;0;0
"*dec_2975009";0,467;0;0;0,162
"*dec_1416496";0,094;0;0;0
"*dec_304675";0,121;0;0;0
"*dec_1401652";0;0;0,014;0,563
"*dec_1399550";0,004;0,007;0,132;0,309
"*rel_Mauro";0,455;0,251;0;0
"*ano_2019";0,041;0,003;0;0,002
"*ano_2018";0,004;0,974;0;0
"*dec_2993810";0,004;0,002;0,989;0,999
"*dec_3290757";0;0;0,078;0,607
"*dec_2993816";0;0;0,078;0,905
"*dec_3278444";0;0;0;0
"*dec_514196";0,001;0;0;0
"*dec_1410227";0;0;0;0,999
"*dec_2993838";0;0;0;0,317
"*rel_Luis";0;0;0;0
"*dec_1408677";0;0;0,012;0
"*dec_1399587";0;0;0,012;0,359
"*dec_1410228";0;0;0;0,19
"*dec_525750";0,513;0,708;0;0
"*dec_2955492";0,842;0,001;0,002;0,732
"*dec_2955491";0;0;0,608;0,339
"*dec_304489";0,136;0;0;0
"*dec_3237371";0;0,035;0;0,308
